Date,Player,Guild,EPChange,Reason
"20/10/09 23:30:00","Xylen","nil","48","First raid"
"20/10/09 23:31:00","Cirien","UnknownGuild","48","First raid"
"20/10/09 23:32:00","Roisin","nil","48","First raid"
"20/10/09 23:33:00","Alorrin","nil","48","First raid"
"20/10/23 23:30:00","Cirien","UnknownGuild","45","Second raid"
"20/10/23 23:31:00","Roisin","nil","45","Second raid"
"20/10/23 23:32:00","Alorrin","nil","40","Second raid"
"20/10/23 23:33:00","Mereyna","Reign","45","Second raid"
"20/10/30 23:30:00","Cirien","UnknownGuild","52","Third raid"
"20/10/30 23:31:00","Mereyna","Reign","52","Third raid"
"20/11/06 17:05:53","Belincito","House of Chaos","97","From last 3 raids"
"20/11/06 17:06:38","Buriol","House of Chaos","145","From last 3 raids"
"20/11/06 17:07:40","Chentamex","House of Chaos","145","From last 3 raids"
"20/11/06 17:16:09","Darastrixss","House of Chaos","145","From last 3 raids"
"20/11/06 17:16:54","Deadgreen","House of Chaos","145","From last 3 raids"
"20/11/06 17:17:03","Deadgreen","House of Chaos","28","From last 3 raids"
"20/11/06 17:18:14","Drorbit","House of Chaos","145","From last 3 raids"
"20/11/06 17:18:55","Deadgreen","House of Chaos","-28","Added EP instead of GP before"
"20/11/06 17:19:47","Dugtreeo","House of Chaos","123","From last 3 raids"
"20/11/06 17:20:50","Galenne","House of Chaos","97","From last 3 raids"
"20/11/06 17:21:15","Gedsstore","House of Chaos","145","From last 3 raids"
"20/11/06 17:21:52","Panicked","House of Chaos","45","From last 3 raids"
"20/11/06 17:22:12","Rawland","House of Chaos","52","From last 3 raids"
"20/11/06 17:24:18","Rayvenn","House of Chaos","75","Unknown"
"20/11/06 17:24:47","Rhubarbpie","House of Chaos","145","From last 3 raids"
"20/11/06 17:25:11","Scorpob","House of Chaos","93","From last 3 raids"
"20/11/06 17:25:25","Shalody","House of Chaos","75","From last 3 raids"
"20/11/06 17:25:50","Shandow","House of Chaos","145","From last 3 raids"
"20/11/06 17:26:10","Tarlin","House of Chaos","47","From last 3 raids"
"20/11/06 17:26:17","Urdin","House of Chaos","97","From last 3 raids"
"20/11/06 17:26:27","Twoseven","House of Chaos","145","From last 3 raids"
"20/11/06 17:26:46","Frostgem","House of Chaos","100","From last 3 raids"
"20/11/06 17:27:10","Kalon","House of Chaos","145","From last 3 raids"
"20/11/06 17:27:33","Cloudstalker","House of Chaos","145","From last 3 raids"
"20/11/06 18:52:27","Buriol","House of Chaos","5","Lucifron"
"20/11/06 18:52:27","Cirien","UnknownGuild","5","Lucifron"
"20/11/06 18:52:27","Cloudstalker","House of Chaos","5","Lucifron"
"20/11/06 18:52:27","Dugtreeo","House of Chaos","5","Lucifron"
"20/11/06 18:52:27","Galenne","House of Chaos","5","Lucifron"
"20/11/06 18:52:27","Kalon","House of Chaos","5","Lucifron"
"20/11/06 18:52:27","Powerplay","nil","5","Lucifron"
"20/11/06 18:52:27","Rhubarbpie","House of Chaos","5","Lucifron"
"20/11/06 18:52:27","Roisin","nil","5","Lucifron"
"20/11/06 18:52:27","Spltprsnalty","nil","5","Lucifron"
"20/11/06 18:52:28","Adelaed","nil","5","Lucifron"
"20/11/06 18:52:28","Awestrich","House of Chaos","5","Lucifron"
"20/11/06 18:52:28","Baneofham","nil","5","Lucifron"
"20/11/06 18:52:28","Belincito","House of Chaos","5","Lucifron"
"20/11/06 18:52:28","Cussack","nil","5","Lucifron"
"20/11/06 18:52:28","Darastrixss","House of Chaos","5","Lucifron"
"20/11/06 18:52:28","Darkirish","nil","5","Lucifron"
"20/11/06 18:52:28","Darkjoe","nil","5","Lucifron"
"20/11/06 18:52:28","Darkris","nil","5","Lucifron"
"20/11/06 18:52:28","Deadflowers","nil","5","Lucifron"
"20/11/06 18:52:28","Dorand","nil","5","Lucifron"
"20/11/06 18:52:28","Ehndling","nil","5","Lucifron"
"20/11/06 18:52:28","Frostbeet","nil","5","Lucifron"
"20/11/06 18:52:28","Ismael","Stardust Crusaders","5","Lucifron"
"20/11/06 18:52:28","Mcflyy","UnknownGuild","5","Lucifron"
"20/11/06 18:52:28","Nimplesticks","UnknownGuild","5","Lucifron"
"20/11/06 18:52:28","Scorpob","House of Chaos","5","Lucifron"
"20/11/06 18:52:28","Shandow","House of Chaos","5","Lucifron"
"20/11/06 18:52:28","Sheepieyou","nil","5","Lucifron"
"20/11/06 18:52:28","Spearia","nil","5","Lucifron"
"20/11/06 18:52:28","Thauriel","Reign","5","Lucifron"
"20/11/06 18:52:28","Twoseven","House of Chaos","5","Lucifron"
"20/11/06 19:03:31","Kalon","House of Chaos","5","Magmadar"
"20/11/06 19:03:32","Adelaed","nil","5","Magmadar"
"20/11/06 19:03:32","Awestrich","House of Chaos","5","Magmadar"
"20/11/06 19:03:32","Baneofham","nil","5","Magmadar"
"20/11/06 19:03:32","Belincito","House of Chaos","5","Magmadar"
"20/11/06 19:03:32","Buriol","House of Chaos","5","Magmadar"
"20/11/06 19:03:32","Cirien","UnknownGuild","5","Magmadar"
"20/11/06 19:03:32","Cloudstalker","House of Chaos","5","Magmadar"
"20/11/06 19:03:32","Cussack","nil","5","Magmadar"
"20/11/06 19:03:32","Darastrixss","House of Chaos","5","Magmadar"
"20/11/06 19:03:32","Darkirish","nil","5","Magmadar"
"20/11/06 19:03:32","Darkjoe","nil","5","Magmadar"
"20/11/06 19:03:32","Darkris","nil","5","Magmadar"
"20/11/06 19:03:32","Deadflowers","nil","5","Magmadar"
"20/11/06 19:03:32","Dorand","nil","5","Magmadar"
"20/11/06 19:03:32","Dugtreeo","House of Chaos","5","Magmadar"
"20/11/06 19:03:32","Durac","nil","5","Magmadar"
"20/11/06 19:03:32","Ehndling","nil","5","Magmadar"
"20/11/06 19:03:32","Frostbeet","nil","5","Magmadar"
"20/11/06 19:03:32","Galenne","House of Chaos","5","Magmadar"
"20/11/06 19:03:32","Ismael","Stardust Crusaders","5","Magmadar"
"20/11/06 19:03:32","Keldonartin","nil","5","Magmadar"
"20/11/06 19:03:32","Mcflyy","UnknownGuild","5","Magmadar"
"20/11/06 19:03:32","Meldilina","House of Chaos","5","Magmadar"
"20/11/06 19:03:32","Nimplesticks","UnknownGuild","5","Magmadar"
"20/11/06 19:03:32","Powerplay","nil","5","Magmadar"
"20/11/06 19:03:32","Rhubarbpie","House of Chaos","5","Magmadar"
"20/11/06 19:03:32","Roisin","nil","5","Magmadar"
"20/11/06 19:03:32","Scorpob","House of Chaos","5","Magmadar"
"20/11/06 19:03:32","Shandow","House of Chaos","5","Magmadar"
"20/11/06 19:03:32","Sheepieyou","nil","5","Magmadar"
"20/11/06 19:03:32","Spearia","nil","5","Magmadar"
"20/11/06 19:03:32","Spltprsnalty","nil","5","Magmadar"
"20/11/06 19:03:32","Thauriel","Reign","5","Magmadar"
"20/11/06 19:03:32","Twoseven","House of Chaos","5","Magmadar"
"20/11/06 19:27:24","Baneofham","nil","5","Gehennas"
"20/11/06 19:27:24","Belincito","House of Chaos","5","Gehennas"
"20/11/06 19:27:24","Buriol","House of Chaos","5","Gehennas"
"20/11/06 19:27:24","Cloudstalker","House of Chaos","5","Gehennas"
"20/11/06 19:27:24","Darastrixss","House of Chaos","5","Gehennas"
"20/11/06 19:27:24","Darkjoe","nil","5","Gehennas"
"20/11/06 19:27:24","Darkmotive","nil","5","Gehennas"
"20/11/06 19:27:24","Dorand","nil","5","Gehennas"
"20/11/06 19:27:24","Dugtreeo","House of Chaos","5","Gehennas"
"20/11/06 19:27:24","Ehndling","nil","5","Gehennas"
"20/11/06 19:27:24","Frostbeet","nil","5","Gehennas"
"20/11/06 19:27:24","Galenne","House of Chaos","5","Gehennas"
"20/11/06 19:27:24","Kalon","House of Chaos","5","Gehennas"
"20/11/06 19:27:24","Keldonartin","nil","5","Gehennas"
"20/11/06 19:27:24","Mcflyy","UnknownGuild","5","Gehennas"
"20/11/06 19:27:24","Meldilina","House of Chaos","5","Gehennas"
"20/11/06 19:27:24","Nimplesticks","UnknownGuild","5","Gehennas"
"20/11/06 19:27:24","Powerplay","nil","5","Gehennas"
"20/11/06 19:27:24","Rhubarbpie","House of Chaos","5","Gehennas"
"20/11/06 19:27:24","Roisin","nil","5","Gehennas"
"20/11/06 19:27:24","Sheepieyou","nil","5","Gehennas"
"20/11/06 19:27:24","Spltprsnalty","nil","5","Gehennas"
"20/11/06 19:27:24","Thauriel","Reign","5","Gehennas"
"20/11/06 19:27:25","Adelaed","nil","5","Gehennas"
"20/11/06 19:27:25","Awestrich","House of Chaos","5","Gehennas"
"20/11/06 19:27:25","Cirien","UnknownGuild","5","Gehennas"
"20/11/06 19:27:25","Cussack","nil","5","Gehennas"
"20/11/06 19:27:25","Darkirish","nil","5","Gehennas"
"20/11/06 19:27:25","Deadflowers","nil","5","Gehennas"
"20/11/06 19:27:25","Durac","nil","5","Gehennas"
"20/11/06 19:27:25","Ismael","Stardust Crusaders","5","Gehennas"
"20/11/06 19:27:25","Scorpob","House of Chaos","5","Gehennas"
"20/11/06 19:27:25","Shandow","House of Chaos","5","Gehennas"
"20/11/06 19:27:25","Spearia","nil","5","Gehennas"
"20/11/06 19:27:25","Twoseven","House of Chaos","5","Gehennas"
"20/11/06 19:27:25","Wickoo","House of Chaos","5","Gehennas"
"20/11/06 19:47:13","Adelaed","nil","5","Garr"
"20/11/06 19:47:13","Awestrich","House of Chaos","5","Garr"
"20/11/06 19:47:13","Baneofham","nil","5","Garr"
"20/11/06 19:47:13","Belincito","House of Chaos","5","Garr"
"20/11/06 19:47:13","Buriol","House of Chaos","5","Garr"
"20/11/06 19:47:13","Cirien","UnknownGuild","5","Garr"
"20/11/06 19:47:13","Cloudstalker","House of Chaos","5","Garr"
"20/11/06 19:47:13","Cussack","nil","5","Garr"
"20/11/06 19:47:13","Darastrixss","House of Chaos","5","Garr"
"20/11/06 19:47:13","Darkirish","nil","5","Garr"
"20/11/06 19:47:13","Darkjoe","nil","5","Garr"
"20/11/06 19:47:13","Darkmotive","nil","5","Garr"
"20/11/06 19:47:13","Deadflowers","nil","5","Garr"
"20/11/06 19:47:13","Dorand","nil","5","Garr"
"20/11/06 19:47:13","Dugtreeo","House of Chaos","5","Garr"
"20/11/06 19:47:13","Durac","nil","5","Garr"
"20/11/06 19:47:13","Ehndling","nil","5","Garr"
"20/11/06 19:47:13","Frostbeet","nil","5","Garr"
"20/11/06 19:47:13","Galenne","House of Chaos","5","Garr"
"20/11/06 19:47:13","Ismael","Stardust Crusaders","5","Garr"
"20/11/06 19:47:13","Kalon","House of Chaos","5","Garr"
"20/11/06 19:47:13","Keldonartin","nil","5","Garr"
"20/11/06 19:47:13","Mcflyy","UnknownGuild","5","Garr"
"20/11/06 19:47:13","Meldilina","House of Chaos","5","Garr"
"20/11/06 19:47:13","Nimplesticks","UnknownGuild","5","Garr"
"20/11/06 19:47:13","Powerplay","nil","5","Garr"
"20/11/06 19:47:13","Rhubarbpie","House of Chaos","5","Garr"
"20/11/06 19:47:13","Roisin","nil","5","Garr"
"20/11/06 19:47:13","Scorpob","House of Chaos","5","Garr"
"20/11/06 19:47:13","Shandow","House of Chaos","5","Garr"
"20/11/06 19:47:13","Sheepieyou","nil","5","Garr"
"20/11/06 19:47:13","Spearia","nil","5","Garr"
"20/11/06 19:47:13","Spltprsnalty","nil","5","Garr"
"20/11/06 19:47:13","Thauriel","Reign","5","Garr"
"20/11/06 19:47:13","Twoseven","House of Chaos","5","Garr"
"20/11/06 19:47:13","Wickoo","House of Chaos","5","Garr"
"20/11/06 20:03:26","Kalon","House of Chaos","14","Unknown"
"20/11/06 20:03:34","Kalon","House of Chaos","-14","Unknown"
"20/11/06 20:09:58","Awestrich","House of Chaos","5","Baron Geddon"
"20/11/06 20:09:58","Baneofham","nil","5","Baron Geddon"
"20/11/06 20:09:58","Belincito","House of Chaos","5","Baron Geddon"
"20/11/06 20:09:58","Buriol","House of Chaos","5","Baron Geddon"
"20/11/06 20:09:58","Cloudstalker","House of Chaos","5","Baron Geddon"
"20/11/06 20:09:58","Darastrixss","House of Chaos","5","Baron Geddon"
"20/11/06 20:09:58","Darkjoe","nil","5","Baron Geddon"
"20/11/06 20:09:58","Darkmotive","nil","5","Baron Geddon"
"20/11/06 20:09:58","Dorand","nil","5","Baron Geddon"
"20/11/06 20:09:58","Dugtreeo","House of Chaos","5","Baron Geddon"
"20/11/06 20:09:58","Ehndling","nil","5","Baron Geddon"
"20/11/06 20:09:58","Frostbeet","nil","5","Baron Geddon"
"20/11/06 20:09:58","Galenne","House of Chaos","5","Baron Geddon"
"20/11/06 20:09:58","Kalon","House of Chaos","5","Baron Geddon"
"20/11/06 20:09:58","Keldonartin","nil","5","Baron Geddon"
"20/11/06 20:09:58","Mcflyy","UnknownGuild","5","Baron Geddon"
"20/11/06 20:09:58","Meldilina","House of Chaos","5","Baron Geddon"
"20/11/06 20:09:58","Nimplesticks","UnknownGuild","5","Baron Geddon"
"20/11/06 20:09:58","Powerplay","nil","5","Baron Geddon"
"20/11/06 20:09:58","Rhubarbpie","House of Chaos","5","Baron Geddon"
"20/11/06 20:09:58","Roisin","nil","5","Baron Geddon"
"20/11/06 20:09:58","Sheepieyou","nil","5","Baron Geddon"
"20/11/06 20:09:58","Spltprsnalty","nil","5","Baron Geddon"
"20/11/06 20:09:58","Thauriel","Reign","5","Baron Geddon"
"20/11/06 20:09:59","Adelaed","nil","5","Baron Geddon"
"20/11/06 20:09:59","Cirien","UnknownGuild","5","Baron Geddon"
"20/11/06 20:09:59","Cussack","nil","5","Baron Geddon"
"20/11/06 20:09:59","Darkirish","nil","5","Baron Geddon"
"20/11/06 20:09:59","Deadflowers","nil","5","Baron Geddon"
"20/11/06 20:09:59","Durac","nil","5","Baron Geddon"
"20/11/06 20:09:59","Ismael","Stardust Crusaders","5","Baron Geddon"
"20/11/06 20:09:59","Scorpob","House of Chaos","5","Baron Geddon"
"20/11/06 20:09:59","Shandow","House of Chaos","5","Baron Geddon"
"20/11/06 20:09:59","Spearia","nil","5","Baron Geddon"
"20/11/06 20:09:59","Twoseven","House of Chaos","5","Baron Geddon"
"20/11/06 20:09:59","Wickoo","House of Chaos","5","Baron Geddon"
"20/11/06 20:14:05","Cloudstalker","House of Chaos","-1","Unknown"
"20/11/06 20:14:13","Kalon","House of Chaos","-2","Unknown"
"20/11/06 20:14:23","Cloudstalker","House of Chaos","2","Unknown"
"20/11/06 20:14:31","Kalon","House of Chaos","2","Unknown"
"20/11/06 20:14:35","Cloudstalker","House of Chaos","-1","Unknown"
"20/11/06 20:28:52","Baneofham","nil","5","Shazzrah"
"20/11/06 20:28:52","Belincito","House of Chaos","5","Shazzrah"
"20/11/06 20:28:52","Buriol","House of Chaos","5","Shazzrah"
"20/11/06 20:28:52","Cloudstalker","House of Chaos","5","Shazzrah"
"20/11/06 20:28:52","Darastrixss","House of Chaos","5","Shazzrah"
"20/11/06 20:28:52","Darkjoe","nil","5","Shazzrah"
"20/11/06 20:28:52","Darkmotive","nil","5","Shazzrah"
"20/11/06 20:28:52","Dorand","nil","5","Shazzrah"
"20/11/06 20:28:52","Dugtreeo","House of Chaos","5","Shazzrah"
"20/11/06 20:28:52","Frostbeet","nil","5","Shazzrah"
"20/11/06 20:28:52","Galenne","House of Chaos","5","Shazzrah"
"20/11/06 20:28:52","Kalon","House of Chaos","5","Shazzrah"
"20/11/06 20:28:52","Mcflyy","UnknownGuild","5","Shazzrah"
"20/11/06 20:28:52","Powerplay","nil","5","Shazzrah"
"20/11/06 20:28:52","Rhubarbpie","House of Chaos","5","Shazzrah"
"20/11/06 20:28:52","Roisin","nil","5","Shazzrah"
"20/11/06 20:28:52","Sheepieyou","nil","5","Shazzrah"
"20/11/06 20:28:52","Spltprsnalty","nil","5","Shazzrah"
"20/11/06 20:28:52","Thauriel","Reign","5","Shazzrah"
"20/11/06 20:28:53","Adelaed","nil","5","Shazzrah"
"20/11/06 20:28:53","Awestrich","House of Chaos","5","Shazzrah"
"20/11/06 20:28:53","Cirien","UnknownGuild","5","Shazzrah"
"20/11/06 20:28:53","Cussack","nil","5","Shazzrah"
"20/11/06 20:28:53","Darkirish","nil","5","Shazzrah"
"20/11/06 20:28:53","Deadflowers","nil","5","Shazzrah"
"20/11/06 20:28:53","Durac","nil","5","Shazzrah"
"20/11/06 20:28:53","Ehndling","nil","5","Shazzrah"
"20/11/06 20:28:53","Ismael","Stardust Crusaders","5","Shazzrah"
"20/11/06 20:28:53","Keldonartin","nil","5","Shazzrah"
"20/11/06 20:28:53","Meldilina","House of Chaos","5","Shazzrah"
"20/11/06 20:28:53","Nimplesticks","UnknownGuild","5","Shazzrah"
"20/11/06 20:28:53","Scorpob","House of Chaos","5","Shazzrah"
"20/11/06 20:28:53","Shandow","House of Chaos","5","Shazzrah"
"20/11/06 20:28:53","Spearia","nil","5","Shazzrah"
"20/11/06 20:28:53","Twoseven","House of Chaos","5","Shazzrah"
"20/11/06 20:28:53","Wickoo","House of Chaos","5","Shazzrah"
"20/11/06 21:00:52","Cloudstalker","House of Chaos","5","Sulfuron Harbinger"
"20/11/06 21:00:52","Darkmotive","nil","5","Sulfuron Harbinger"
"20/11/06 21:00:52","Dugtreeo","House of Chaos","5","Sulfuron Harbinger"
"20/11/06 21:00:52","Kalon","House of Chaos","5","Sulfuron Harbinger"
"20/11/06 21:00:52","Powerplay","nil","5","Sulfuron Harbinger"
"20/11/06 21:00:52","Roisin","nil","5","Sulfuron Harbinger"
"20/11/06 21:00:52","Spltprsnalty","nil","5","Sulfuron Harbinger"
"20/11/06 21:00:53","Adelaed","nil","5","Sulfuron Harbinger"
"20/11/06 21:00:53","Awestrich","House of Chaos","5","Sulfuron Harbinger"
"20/11/06 21:00:53","Baneofham","nil","5","Sulfuron Harbinger"
"20/11/06 21:00:53","Belincito","House of Chaos","5","Sulfuron Harbinger"
"20/11/06 21:00:53","Buriol","House of Chaos","5","Sulfuron Harbinger"
"20/11/06 21:00:53","Cirien","UnknownGuild","5","Sulfuron Harbinger"
"20/11/06 21:00:53","Cussack","nil","5","Sulfuron Harbinger"
"20/11/06 21:00:53","Darastrixss","House of Chaos","5","Sulfuron Harbinger"
"20/11/06 21:00:53","Darkirish","nil","5","Sulfuron Harbinger"
"20/11/06 21:00:53","Darkjoe","nil","5","Sulfuron Harbinger"
"20/11/06 21:00:53","Deadflowers","nil","5","Sulfuron Harbinger"
"20/11/06 21:00:53","Dorand","nil","5","Sulfuron Harbinger"
"20/11/06 21:00:53","Durac","nil","5","Sulfuron Harbinger"
"20/11/06 21:00:53","Ehndling","nil","5","Sulfuron Harbinger"
"20/11/06 21:00:53","Frostbeet","nil","5","Sulfuron Harbinger"
"20/11/06 21:00:53","Galenne","House of Chaos","5","Sulfuron Harbinger"
"20/11/06 21:00:53","Ismael","Stardust Crusaders","5","Sulfuron Harbinger"
"20/11/06 21:00:53","Keldonartin","nil","5","Sulfuron Harbinger"
"20/11/06 21:00:53","Mcflyy","UnknownGuild","5","Sulfuron Harbinger"
"20/11/06 21:00:53","Meldilina","House of Chaos","5","Sulfuron Harbinger"
"20/11/06 21:00:53","Nimplesticks","UnknownGuild","5","Sulfuron Harbinger"
"20/11/06 21:00:53","Rhubarbpie","House of Chaos","5","Sulfuron Harbinger"
"20/11/06 21:00:53","Scorpob","House of Chaos","5","Sulfuron Harbinger"
"20/11/06 21:00:53","Shandow","House of Chaos","5","Sulfuron Harbinger"
"20/11/06 21:00:53","Sheepieyou","nil","5","Sulfuron Harbinger"
"20/11/06 21:00:53","Spearia","nil","5","Sulfuron Harbinger"
"20/11/06 21:00:53","Thauriel","Reign","5","Sulfuron Harbinger"
"20/11/06 21:00:53","Twoseven","House of Chaos","5","Sulfuron Harbinger"
"20/11/06 21:00:53","Wickoo","House of Chaos","5","Sulfuron Harbinger"
"20/11/06 21:17:21","Adelaed","nil","5","Golemagg the Incinerator"
"20/11/06 21:17:21","Awestrich","House of Chaos","5","Golemagg the Incinerator"
"20/11/06 21:17:21","Baneofham","nil","5","Golemagg the Incinerator"
"20/11/06 21:17:21","Belincito","House of Chaos","5","Golemagg the Incinerator"
"20/11/06 21:17:21","Buriol","House of Chaos","5","Golemagg the Incinerator"
"20/11/06 21:17:21","Cirien","UnknownGuild","5","Golemagg the Incinerator"
"20/11/06 21:17:21","Cloudstalker","House of Chaos","5","Golemagg the Incinerator"
"20/11/06 21:17:21","Cussack","nil","5","Golemagg the Incinerator"
"20/11/06 21:17:21","Darastrixss","House of Chaos","5","Golemagg the Incinerator"
"20/11/06 21:17:21","Darkirish","nil","5","Golemagg the Incinerator"
"20/11/06 21:17:21","Darkjoe","nil","5","Golemagg the Incinerator"
"20/11/06 21:17:21","Darkmotive","nil","5","Golemagg the Incinerator"
"20/11/06 21:17:21","Deadflowers","nil","5","Golemagg the Incinerator"
"20/11/06 21:17:21","Dorand","nil","5","Golemagg the Incinerator"
"20/11/06 21:17:21","Dugtreeo","House of Chaos","5","Golemagg the Incinerator"
"20/11/06 21:17:21","Durac","nil","5","Golemagg the Incinerator"
"20/11/06 21:17:21","Ehndling","nil","5","Golemagg the Incinerator"
"20/11/06 21:17:21","Frostbeet","nil","5","Golemagg the Incinerator"
"20/11/06 21:17:21","Galenne","House of Chaos","5","Golemagg the Incinerator"
"20/11/06 21:17:21","Ismael","Stardust Crusaders","5","Golemagg the Incinerator"
"20/11/06 21:17:21","Kalon","House of Chaos","5","Golemagg the Incinerator"
"20/11/06 21:17:21","Keldonartin","nil","5","Golemagg the Incinerator"
"20/11/06 21:17:21","Mcflyy","UnknownGuild","5","Golemagg the Incinerator"
"20/11/06 21:17:21","Meldilina","House of Chaos","5","Golemagg the Incinerator"
"20/11/06 21:17:21","Nimplesticks","UnknownGuild","5","Golemagg the Incinerator"
"20/11/06 21:17:21","Powerplay","nil","5","Golemagg the Incinerator"
"20/11/06 21:17:21","Rhubarbpie","House of Chaos","5","Golemagg the Incinerator"
"20/11/06 21:17:21","Roisin","nil","5","Golemagg the Incinerator"
"20/11/06 21:17:21","Scorpob","House of Chaos","5","Golemagg the Incinerator"
"20/11/06 21:17:21","Shandow","House of Chaos","5","Golemagg the Incinerator"
"20/11/06 21:17:21","Sheepieyou","nil","5","Golemagg the Incinerator"
"20/11/06 21:17:21","Spearia","nil","5","Golemagg the Incinerator"
"20/11/06 21:17:21","Spltprsnalty","nil","5","Golemagg the Incinerator"
"20/11/06 21:17:21","Thauriel","Reign","5","Golemagg the Incinerator"
"20/11/06 21:17:21","Twoseven","House of Chaos","5","Golemagg the Incinerator"
"20/11/06 21:17:21","Wickoo","House of Chaos","5","Golemagg the Incinerator"
"20/11/06 21:29:52","Cloudstalker","House of Chaos","5","Majordomo Executus"
"20/11/06 21:29:52","Kalon","House of Chaos","5","Majordomo Executus"
"20/11/06 21:29:52","Spltprsnalty","nil","5","Majordomo Executus"
"20/11/06 21:29:53","Adelaed","nil","5","Majordomo Executus"
"20/11/06 21:29:53","Awestrich","House of Chaos","5","Majordomo Executus"
"20/11/06 21:29:53","Baneofham","nil","5","Majordomo Executus"
"20/11/06 21:29:53","Belincito","House of Chaos","5","Majordomo Executus"
"20/11/06 21:29:53","Buriol","House of Chaos","5","Majordomo Executus"
"20/11/06 21:29:53","Cirien","UnknownGuild","5","Majordomo Executus"
"20/11/06 21:29:53","Cussack","nil","5","Majordomo Executus"
"20/11/06 21:29:53","Darastrixss","House of Chaos","5","Majordomo Executus"
"20/11/06 21:29:53","Darkirish","nil","5","Majordomo Executus"
"20/11/06 21:29:53","Darkjoe","nil","5","Majordomo Executus"
"20/11/06 21:29:53","Darkmotive","nil","5","Majordomo Executus"
"20/11/06 21:29:53","Deadflowers","nil","5","Majordomo Executus"
"20/11/06 21:29:53","Dorand","nil","5","Majordomo Executus"
"20/11/06 21:29:53","Dugtreeo","House of Chaos","5","Majordomo Executus"
"20/11/06 21:29:53","Durac","nil","5","Majordomo Executus"
"20/11/06 21:29:53","Ehndling","nil","5","Majordomo Executus"
"20/11/06 21:29:53","Frostbeet","nil","5","Majordomo Executus"
"20/11/06 21:29:53","Galenne","House of Chaos","5","Majordomo Executus"
"20/11/06 21:29:53","Griffoneye","nil","5","Majordomo Executus"
"20/11/06 21:29:53","Ismael","Stardust Crusaders","5","Majordomo Executus"
"20/11/06 21:29:53","Keldonartin","nil","5","Majordomo Executus"
"20/11/06 21:29:53","Mcflyy","UnknownGuild","5","Majordomo Executus"
"20/11/06 21:29:53","Meldilina","House of Chaos","5","Majordomo Executus"
"20/11/06 21:29:53","Nimplesticks","UnknownGuild","5","Majordomo Executus"
"20/11/06 21:29:53","Powerplay","nil","5","Majordomo Executus"
"20/11/06 21:29:53","Rhubarbpie","House of Chaos","5","Majordomo Executus"
"20/11/06 21:29:53","Roisin","nil","5","Majordomo Executus"
"20/11/06 21:29:53","Scorpob","House of Chaos","5","Majordomo Executus"
"20/11/06 21:29:53","Shandow","House of Chaos","5","Majordomo Executus"
"20/11/06 21:29:53","Sheepieyou","nil","5","Majordomo Executus"
"20/11/06 21:29:53","Spearia","nil","5","Majordomo Executus"
"20/11/06 21:29:53","Thauriel","Reign","5","Majordomo Executus"
"20/11/06 21:29:53","Twoseven","House of Chaos","5","Majordomo Executus"
"20/11/06 21:29:53","Wickoo","House of Chaos","5","Majordomo Executus"
"20/11/06 22:19:41","Adelaed","nil","7","Ragnaros"
"20/11/06 22:19:41","Awestrich","House of Chaos","7","Ragnaros"
"20/11/06 22:19:41","Baneofham","nil","7","Ragnaros"
"20/11/06 22:19:41","Belincito","House of Chaos","7","Ragnaros"
"20/11/06 22:19:41","Buriol","House of Chaos","7","Ragnaros"
"20/11/06 22:19:41","Cirien","UnknownGuild","7","Ragnaros"
"20/11/06 22:19:41","Cloudstalker","House of Chaos","7","Ragnaros"
"20/11/06 22:19:41","Cussack","nil","7","Ragnaros"
"20/11/06 22:19:41","Darastrixss","House of Chaos","7","Ragnaros"
"20/11/06 22:19:41","Darkirish","nil","7","Ragnaros"
"20/11/06 22:19:41","Darkjoe","nil","7","Ragnaros"
"20/11/06 22:19:41","Darkmotive","nil","7","Ragnaros"
"20/11/06 22:19:41","Deadflowers","nil","7","Ragnaros"
"20/11/06 22:19:41","Dorand","nil","7","Ragnaros"
"20/11/06 22:19:41","Dugtreeo","House of Chaos","7","Ragnaros"
"20/11/06 22:19:41","Durac","nil","7","Ragnaros"
"20/11/06 22:19:41","Ehndling","nil","7","Ragnaros"
"20/11/06 22:19:41","Frostbeet","nil","7","Ragnaros"
"20/11/06 22:19:41","Galenne","House of Chaos","7","Ragnaros"
"20/11/06 22:19:41","Griffoneye","nil","7","Ragnaros"
"20/11/06 22:19:41","Ismael","Stardust Crusaders","7","Ragnaros"
"20/11/06 22:19:41","Kalon","House of Chaos","7","Ragnaros"
"20/11/06 22:19:41","Keldonartin","nil","7","Ragnaros"
"20/11/06 22:19:41","Mcflyy","UnknownGuild","7","Ragnaros"
"20/11/06 22:19:41","Meldilina","House of Chaos","7","Ragnaros"
"20/11/06 22:19:41","Nimplesticks","UnknownGuild","7","Ragnaros"
"20/11/06 22:19:41","Powerplay","nil","7","Ragnaros"
"20/11/06 22:19:41","Rhubarbpie","House of Chaos","7","Ragnaros"
"20/11/06 22:19:41","Roisin","nil","7","Ragnaros"
"20/11/06 22:19:41","Scorpob","House of Chaos","7","Ragnaros"
"20/11/06 22:19:41","Shandow","House of Chaos","7","Ragnaros"
"20/11/06 22:19:41","Sheepieyou","nil","7","Ragnaros"
"20/11/06 22:19:41","Spearia","nil","7","Ragnaros"
"20/11/06 22:19:41","Spltprsnalty","nil","7","Ragnaros"
"20/11/06 22:19:41","Thauriel","Reign","7","Ragnaros"
"20/11/06 22:19:41","Twoseven","House of Chaos","7","Ragnaros"
"20/11/06 22:19:41","Wickoo","House of Chaos","7","Ragnaros"
"20/11/13 19:09:27","Alorrin","nil","5","Lucifron"
"20/11/13 19:09:27","Angelhawk","nil","5","Lucifron"
"20/11/13 19:09:27","Anya","UnknownGuild","5","Lucifron"
"20/11/13 19:09:27","Banefflack","UnknownGuild","5","Lucifron"
"20/11/13 19:09:27","Buriol","House of Chaos","5","Lucifron"
"20/11/13 19:09:27","Cloudstalker","House of Chaos","5","Lucifron"
"20/11/13 19:09:27","Darastrixss","House of Chaos","5","Lucifron"
"20/11/13 19:09:27","Deadgreen","House of Chaos","5","Lucifron"
"20/11/13 19:09:27","Drorbit","House of Chaos","5","Lucifron"
"20/11/13 19:09:27","Dugtreeo","House of Chaos","5","Lucifron"
"20/11/13 19:09:27","Frostgem","House of Chaos","5","Lucifron"
"20/11/13 19:09:27","Guye","nil","5","Lucifron"
"20/11/13 19:09:27","Halryn","Stardust Crusaders","5","Lucifron"
"20/11/13 19:09:27","Joejo","nil","5","Lucifron"
"20/11/13 19:09:27","Kalon","House of Chaos","5","Lucifron"
"20/11/13 19:09:27","Mereyna","Reign","5","Lucifron"
"20/11/13 19:09:27","Pbnjam","nil","5","Lucifron"
"20/11/13 19:09:27","Powerplay","nil","5","Lucifron"
"20/11/13 19:09:27","Rawland","House of Chaos","5","Lucifron"
"20/11/13 19:09:27","Rhubarbpie","House of Chaos","5","Lucifron"
"20/11/13 19:09:27","Scorpob","House of Chaos","5","Lucifron"
"20/11/13 19:09:27","Spltprsnalty","nil","5","Lucifron"
"20/11/13 19:09:27","Twoseven","House of Chaos","5","Lucifron"
"20/11/13 19:09:27","Zydan","UnknownGuild","5","Lucifron"
"20/11/13 19:09:28","Argeria","nil","5","Lucifron"
"20/11/13 19:09:28","Arthillas","House of Chaos","5","Lucifron"
"20/11/13 19:09:28","Cybro","nil","5","Lucifron"
"20/11/13 19:09:28","Dirtyhipy","nil","5","Lucifron"
"20/11/13 19:09:28","Ehndling","nil","5","Lucifron"
"20/11/13 19:09:28","Fyreonyahead","House of Chaos","5","Lucifron"
"20/11/13 19:09:28","Griffoneye","nil","5","Lucifron"
"20/11/13 19:09:28","Gíbbs","nil","5","Lucifron"
"20/11/13 19:09:28","Mcflyy","UnknownGuild","5","Lucifron"
"20/11/13 19:09:28","Nimplesticks","UnknownGuild","5","Lucifron"
"20/11/13 19:09:28","Pollyeagle","nil","5","Lucifron"
"20/11/13 19:09:28","Skamp","nil","5","Lucifron"
"20/11/13 19:09:28","Stabjobs","nil","5","Lucifron"
"20/11/13 19:18:07","Banefflack","UnknownGuild","5","Magmadar"
"20/11/13 19:18:07","Cloudstalker","House of Chaos","5","Magmadar"
"20/11/13 19:18:07","Dugtreeo","House of Chaos","5","Magmadar"
"20/11/13 19:18:07","Kalon","House of Chaos","5","Magmadar"
"20/11/13 19:18:07","Rawland","House of Chaos","5","Magmadar"
"20/11/13 19:18:08","Alorrin","nil","5","Magmadar"
"20/11/13 19:18:08","Angelhawk","nil","5","Magmadar"
"20/11/13 19:18:08","Anya","UnknownGuild","5","Magmadar"
"20/11/13 19:18:08","Argeria","nil","5","Magmadar"
"20/11/13 19:18:08","Arthillas","House of Chaos","5","Magmadar"
"20/11/13 19:18:08","Buriol","House of Chaos","5","Magmadar"
"20/11/13 19:18:08","Cybro","nil","5","Magmadar"
"20/11/13 19:18:08","Danhuck","nil","5","Magmadar"
"20/11/13 19:18:08","Darastrixss","House of Chaos","5","Magmadar"
"20/11/13 19:18:08","Deadgreen","House of Chaos","5","Magmadar"
"20/11/13 19:18:08","Dirtyhipy","nil","5","Magmadar"
"20/11/13 19:18:08","Drorbit","House of Chaos","5","Magmadar"
"20/11/13 19:18:08","Ehndling","nil","5","Magmadar"
"20/11/13 19:18:08","Ellody","Stardust Crusaders","5","Magmadar"
"20/11/13 19:18:08","Frostgem","House of Chaos","5","Magmadar"
"20/11/13 19:18:08","Fyreonyahead","House of Chaos","5","Magmadar"
"20/11/13 19:18:08","Griffoneye","nil","5","Magmadar"
"20/11/13 19:18:08","Guye","nil","5","Magmadar"
"20/11/13 19:18:08","Gíbbs","nil","5","Magmadar"
"20/11/13 19:18:08","Halryn","Stardust Crusaders","5","Magmadar"
"20/11/13 19:18:08","Joejo","nil","5","Magmadar"
"20/11/13 19:18:08","Mcflyy","UnknownGuild","5","Magmadar"
"20/11/13 19:18:08","Mereyna","Reign","5","Magmadar"
"20/11/13 19:18:08","Nimplesticks","UnknownGuild","5","Magmadar"
"20/11/13 19:18:08","Pbnjam","nil","5","Magmadar"
"20/11/13 19:18:08","Pollyeagle","nil","5","Magmadar"
"20/11/13 19:18:08","Powerplay","nil","5","Magmadar"
"20/11/13 19:18:08","Rhubarbpie","House of Chaos","5","Magmadar"
"20/11/13 19:18:08","Rivien","Lunatic Bistro","5","Magmadar"
"20/11/13 19:18:08","Scorpob","House of Chaos","5","Magmadar"
"20/11/13 19:18:08","Skamp","nil","5","Magmadar"
"20/11/13 19:18:08","Spltprsnalty","nil","5","Magmadar"
"20/11/13 19:18:08","Stabjobs","nil","5","Magmadar"
"20/11/13 19:18:08","Twoseven","House of Chaos","5","Magmadar"
"20/11/13 19:18:08","Zydan","UnknownGuild","5","Magmadar"
"20/11/13 19:33:31","Alorrin","nil","5","Gehennas"
"20/11/13 19:33:31","Angelhawk","nil","5","Gehennas"
"20/11/13 19:33:31","Anya","UnknownGuild","5","Gehennas"
"20/11/13 19:33:31","Banefflack","UnknownGuild","5","Gehennas"
"20/11/13 19:33:31","Buriol","House of Chaos","5","Gehennas"
"20/11/13 19:33:31","Cloudstalker","House of Chaos","5","Gehennas"
"20/11/13 19:33:31","Darastrixss","House of Chaos","5","Gehennas"
"20/11/13 19:33:31","Deadgreen","House of Chaos","5","Gehennas"
"20/11/13 19:33:31","Drorbit","House of Chaos","5","Gehennas"
"20/11/13 19:33:31","Dugtreeo","House of Chaos","5","Gehennas"
"20/11/13 19:33:31","Frostgem","House of Chaos","5","Gehennas"
"20/11/13 19:33:31","Guye","nil","5","Gehennas"
"20/11/13 19:33:31","Halryn","Stardust Crusaders","5","Gehennas"
"20/11/13 19:33:31","Joejo","nil","5","Gehennas"
"20/11/13 19:33:31","Kalon","House of Chaos","5","Gehennas"
"20/11/13 19:33:31","Powerplay","nil","5","Gehennas"
"20/11/13 19:33:31","Rawland","House of Chaos","5","Gehennas"
"20/11/13 19:33:31","Rhubarbpie","House of Chaos","5","Gehennas"
"20/11/13 19:33:31","Scorpob","House of Chaos","5","Gehennas"
"20/11/13 19:33:31","Spltprsnalty","nil","5","Gehennas"
"20/11/13 19:33:31","Twoseven","House of Chaos","5","Gehennas"
"20/11/13 19:33:31","Zydan","UnknownGuild","5","Gehennas"
"20/11/13 19:33:32","Argeria","nil","5","Gehennas"
"20/11/13 19:33:32","Arthillas","House of Chaos","5","Gehennas"
"20/11/13 19:33:32","Cybro","nil","5","Gehennas"
"20/11/13 19:33:32","Danhuck","nil","5","Gehennas"
"20/11/13 19:33:32","Dirtyhipy","nil","5","Gehennas"
"20/11/13 19:33:32","Ehndling","nil","5","Gehennas"
"20/11/13 19:33:32","Ellody","Stardust Crusaders","5","Gehennas"
"20/11/13 19:33:32","Fyreonyahead","House of Chaos","5","Gehennas"
"20/11/13 19:33:32","Griffoneye","nil","5","Gehennas"
"20/11/13 19:33:32","Gíbbs","nil","5","Gehennas"
"20/11/13 19:33:32","Mcflyy","UnknownGuild","5","Gehennas"
"20/11/13 19:33:32","Mereyna","Reign","5","Gehennas"
"20/11/13 19:33:32","Nimplesticks","UnknownGuild","5","Gehennas"
"20/11/13 19:33:32","Pbnjam","nil","5","Gehennas"
"20/11/13 19:33:32","Pollyeagle","nil","5","Gehennas"
"20/11/13 19:33:32","Rivien","Lunatic Bistro","5","Gehennas"
"20/11/13 19:33:32","Skamp","nil","5","Gehennas"
"20/11/13 19:33:32","Stabjobs","nil","5","Gehennas"
"20/11/13 20:00:20","Alorrin","nil","5","Garr"
"20/11/13 20:00:20","Angelhawk","nil","5","Garr"
"20/11/13 20:00:20","Anya","UnknownGuild","5","Garr"
"20/11/13 20:00:20","Argeria","nil","5","Garr"
"20/11/13 20:00:20","Arthillas","House of Chaos","5","Garr"
"20/11/13 20:00:20","Banefflack","UnknownGuild","5","Garr"
"20/11/13 20:00:20","Buriol","House of Chaos","5","Garr"
"20/11/13 20:00:20","Cloudstalker","House of Chaos","5","Garr"
"20/11/13 20:00:20","Cybro","nil","5","Garr"
"20/11/13 20:00:20","Darastrixss","House of Chaos","5","Garr"
"20/11/13 20:00:20","Deadgreen","House of Chaos","5","Garr"
"20/11/13 20:00:20","Dirtyhipy","nil","5","Garr"
"20/11/13 20:00:20","Drorbit","House of Chaos","5","Garr"
"20/11/13 20:00:20","Dugtreeo","House of Chaos","5","Garr"
"20/11/13 20:00:20","Ehndling","nil","5","Garr"
"20/11/13 20:00:20","Ellody","Stardust Crusaders","5","Garr"
"20/11/13 20:00:20","Frostgem","House of Chaos","5","Garr"
"20/11/13 20:00:20","Fyreonyahead","House of Chaos","5","Garr"
"20/11/13 20:00:20","Griffoneye","nil","5","Garr"
"20/11/13 20:00:20","Guye","nil","5","Garr"
"20/11/13 20:00:20","Gíbbs","nil","5","Garr"
"20/11/13 20:00:20","Halryn","Stardust Crusaders","5","Garr"
"20/11/13 20:00:20","Joejo","nil","5","Garr"
"20/11/13 20:00:20","Kalon","House of Chaos","5","Garr"
"20/11/13 20:00:20","Mcflyy","UnknownGuild","5","Garr"
"20/11/13 20:00:20","Mereyna","Reign","5","Garr"
"20/11/13 20:00:20","Nimplesticks","UnknownGuild","5","Garr"
"20/11/13 20:00:20","Pbnjam","nil","5","Garr"
"20/11/13 20:00:20","Pollyeagle","nil","5","Garr"
"20/11/13 20:00:20","Powerplay","nil","5","Garr"
"20/11/13 20:00:20","Rawland","House of Chaos","5","Garr"
"20/11/13 20:00:20","Rhubarbpie","House of Chaos","5","Garr"
"20/11/13 20:00:20","Rivien","Lunatic Bistro","5","Garr"
"20/11/13 20:00:20","Scorpob","House of Chaos","5","Garr"
"20/11/13 20:00:20","Skamp","nil","5","Garr"
"20/11/13 20:00:20","Spltprsnalty","nil","5","Garr"
"20/11/13 20:00:20","Stabjobs","nil","5","Garr"
"20/11/13 20:00:20","Twoseven","House of Chaos","5","Garr"
"20/11/13 20:00:20","Zydan","UnknownGuild","5","Garr"
"20/11/13 20:00:21","Danhuck","nil","5","Garr"
"20/11/13 20:16:20","Alorrin","nil","5","Baron Geddon"
"20/11/13 20:16:20","Angelhawk","nil","5","Baron Geddon"
"20/11/13 20:16:20","Anya","UnknownGuild","5","Baron Geddon"
"20/11/13 20:16:20","Argeria","nil","5","Baron Geddon"
"20/11/13 20:16:20","Arthillas","House of Chaos","5","Baron Geddon"
"20/11/13 20:16:20","Banefflack","UnknownGuild","5","Baron Geddon"
"20/11/13 20:16:20","Buriol","House of Chaos","5","Baron Geddon"
"20/11/13 20:16:20","Cloudstalker","House of Chaos","5","Baron Geddon"
"20/11/13 20:16:20","Cybro","nil","5","Baron Geddon"
"20/11/13 20:16:20","Danhuck","nil","5","Baron Geddon"
"20/11/13 20:16:20","Darastrixss","House of Chaos","5","Baron Geddon"
"20/11/13 20:16:20","Deadgreen","House of Chaos","5","Baron Geddon"
"20/11/13 20:16:20","Dirtyhipy","nil","5","Baron Geddon"
"20/11/13 20:16:20","Drorbit","House of Chaos","5","Baron Geddon"
"20/11/13 20:16:20","Dugtreeo","House of Chaos","5","Baron Geddon"
"20/11/13 20:16:20","Ehndling","nil","5","Baron Geddon"
"20/11/13 20:16:20","Ellody","Stardust Crusaders","5","Baron Geddon"
"20/11/13 20:16:20","Frostgem","House of Chaos","5","Baron Geddon"
"20/11/13 20:16:20","Fyreonyahead","House of Chaos","5","Baron Geddon"
"20/11/13 20:16:20","Griffoneye","nil","5","Baron Geddon"
"20/11/13 20:16:20","Guye","nil","5","Baron Geddon"
"20/11/13 20:16:20","Gíbbs","nil","5","Baron Geddon"
"20/11/13 20:16:20","Halryn","Stardust Crusaders","5","Baron Geddon"
"20/11/13 20:16:20","Joejo","nil","5","Baron Geddon"
"20/11/13 20:16:20","Kalon","House of Chaos","5","Baron Geddon"
"20/11/13 20:16:20","Mcflyy","UnknownGuild","5","Baron Geddon"
"20/11/13 20:16:20","Mereyna","Reign","5","Baron Geddon"
"20/11/13 20:16:20","Nimplesticks","UnknownGuild","5","Baron Geddon"
"20/11/13 20:16:20","Pbnjam","nil","5","Baron Geddon"
"20/11/13 20:16:20","Pollyeagle","nil","5","Baron Geddon"
"20/11/13 20:16:20","Powerplay","nil","5","Baron Geddon"
"20/11/13 20:16:20","Rawland","House of Chaos","5","Baron Geddon"
"20/11/13 20:16:20","Rhubarbpie","House of Chaos","5","Baron Geddon"
"20/11/13 20:16:20","Rivien","Lunatic Bistro","5","Baron Geddon"
"20/11/13 20:16:20","Scorpob","House of Chaos","5","Baron Geddon"
"20/11/13 20:16:20","Skamp","nil","5","Baron Geddon"
"20/11/13 20:16:20","Spltprsnalty","nil","5","Baron Geddon"
"20/11/13 20:16:20","Stabjobs","nil","5","Baron Geddon"
"20/11/13 20:16:20","Twoseven","House of Chaos","5","Baron Geddon"
"20/11/13 20:16:20","Zydan","UnknownGuild","5","Baron Geddon"
"20/11/13 20:38:14","Alorrin","nil","5","Shazzrah"
"20/11/13 20:38:14","Angelhawk","nil","5","Shazzrah"
"20/11/13 20:38:14","Anya","UnknownGuild","5","Shazzrah"
"20/11/13 20:38:14","Argeria","nil","5","Shazzrah"
"20/11/13 20:38:14","Arthillas","House of Chaos","5","Shazzrah"
"20/11/13 20:38:14","Banefflack","UnknownGuild","5","Shazzrah"
"20/11/13 20:38:14","Buriol","House of Chaos","5","Shazzrah"
"20/11/13 20:38:14","Cloudstalker","House of Chaos","5","Shazzrah"
"20/11/13 20:38:14","Cybro","nil","5","Shazzrah"
"20/11/13 20:38:14","Danhuck","nil","5","Shazzrah"
"20/11/13 20:38:14","Darastrixss","House of Chaos","5","Shazzrah"
"20/11/13 20:38:14","Deadgreen","House of Chaos","5","Shazzrah"
"20/11/13 20:38:14","Dirtyhipy","nil","5","Shazzrah"
"20/11/13 20:38:14","Drorbit","House of Chaos","5","Shazzrah"
"20/11/13 20:38:14","Dugtreeo","House of Chaos","5","Shazzrah"
"20/11/13 20:38:14","Ehndling","nil","5","Shazzrah"
"20/11/13 20:38:14","Ellody","Stardust Crusaders","5","Shazzrah"
"20/11/13 20:38:14","Frostgem","House of Chaos","5","Shazzrah"
"20/11/13 20:38:14","Fyreonyahead","House of Chaos","5","Shazzrah"
"20/11/13 20:38:14","Griffoneye","nil","5","Shazzrah"
"20/11/13 20:38:14","Guye","nil","5","Shazzrah"
"20/11/13 20:38:14","Gíbbs","nil","5","Shazzrah"
"20/11/13 20:38:14","Halryn","Stardust Crusaders","5","Shazzrah"
"20/11/13 20:38:14","Joejo","nil","5","Shazzrah"
"20/11/13 20:38:14","Kalon","House of Chaos","5","Shazzrah"
"20/11/13 20:38:14","Mcflyy","UnknownGuild","5","Shazzrah"
"20/11/13 20:38:14","Mereyna","Reign","5","Shazzrah"
"20/11/13 20:38:14","Nimplesticks","UnknownGuild","5","Shazzrah"
"20/11/13 20:38:14","Pbnjam","nil","5","Shazzrah"
"20/11/13 20:38:14","Pollyeagle","nil","5","Shazzrah"
"20/11/13 20:38:14","Powerplay","nil","5","Shazzrah"
"20/11/13 20:38:14","Rawland","House of Chaos","5","Shazzrah"
"20/11/13 20:38:14","Rhubarbpie","House of Chaos","5","Shazzrah"
"20/11/13 20:38:14","Rivien","Lunatic Bistro","5","Shazzrah"
"20/11/13 20:38:14","Scorpob","House of Chaos","5","Shazzrah"
"20/11/13 20:38:14","Skamp","nil","5","Shazzrah"
"20/11/13 20:38:14","Spltprsnalty","nil","5","Shazzrah"
"20/11/13 20:38:14","Stabjobs","nil","5","Shazzrah"
"20/11/13 20:38:14","Twoseven","House of Chaos","5","Shazzrah"
"20/11/13 20:38:14","Zydan","UnknownGuild","5","Shazzrah"
"20/11/13 21:06:39","Banefflack","UnknownGuild","5","Sulfuron Harbinger"
"20/11/13 21:06:39","Buriol","House of Chaos","5","Sulfuron Harbinger"
"20/11/13 21:06:39","Cloudstalker","House of Chaos","5","Sulfuron Harbinger"
"20/11/13 21:06:39","Dugtreeo","House of Chaos","5","Sulfuron Harbinger"
"20/11/13 21:06:39","Joejo","nil","5","Sulfuron Harbinger"
"20/11/13 21:06:39","Kalon","House of Chaos","5","Sulfuron Harbinger"
"20/11/13 21:06:39","Powerplay","nil","5","Sulfuron Harbinger"
"20/11/13 21:06:39","Rawland","House of Chaos","5","Sulfuron Harbinger"
"20/11/13 21:06:39","Scorpob","House of Chaos","5","Sulfuron Harbinger"
"20/11/13 21:06:39","Spltprsnalty","nil","5","Sulfuron Harbinger"
"20/11/13 21:06:40","Alorrin","nil","5","Sulfuron Harbinger"
"20/11/13 21:06:40","Angelhawk","nil","5","Sulfuron Harbinger"
"20/11/13 21:06:40","Anya","UnknownGuild","5","Sulfuron Harbinger"
"20/11/13 21:06:40","Argeria","nil","5","Sulfuron Harbinger"
"20/11/13 21:06:40","Arthillas","House of Chaos","5","Sulfuron Harbinger"
"20/11/13 21:06:40","Cybro","nil","5","Sulfuron Harbinger"
"20/11/13 21:06:40","Danhuck","nil","5","Sulfuron Harbinger"
"20/11/13 21:06:40","Darastrixss","House of Chaos","5","Sulfuron Harbinger"
"20/11/13 21:06:40","Deadgreen","House of Chaos","5","Sulfuron Harbinger"
"20/11/13 21:06:40","Dirtyhipy","nil","5","Sulfuron Harbinger"
"20/11/13 21:06:40","Drorbit","House of Chaos","5","Sulfuron Harbinger"
"20/11/13 21:06:40","Ehndling","nil","5","Sulfuron Harbinger"
"20/11/13 21:06:40","Ellody","Stardust Crusaders","5","Sulfuron Harbinger"
"20/11/13 21:06:40","Frostgem","House of Chaos","5","Sulfuron Harbinger"
"20/11/13 21:06:40","Fyreonyahead","House of Chaos","5","Sulfuron Harbinger"
"20/11/13 21:06:40","Griffoneye","nil","5","Sulfuron Harbinger"
"20/11/13 21:06:40","Guye","nil","5","Sulfuron Harbinger"
"20/11/13 21:06:40","Gíbbs","nil","5","Sulfuron Harbinger"
"20/11/13 21:06:40","Halryn","Stardust Crusaders","5","Sulfuron Harbinger"
"20/11/13 21:06:40","Mcflyy","UnknownGuild","5","Sulfuron Harbinger"
"20/11/13 21:06:40","Mereyna","Reign","5","Sulfuron Harbinger"
"20/11/13 21:06:40","Nimplesticks","UnknownGuild","5","Sulfuron Harbinger"
"20/11/13 21:06:40","Pbnjam","nil","5","Sulfuron Harbinger"
"20/11/13 21:06:40","Pollyeagle","nil","5","Sulfuron Harbinger"
"20/11/13 21:06:40","Rhubarbpie","House of Chaos","5","Sulfuron Harbinger"
"20/11/13 21:06:40","Rivien","Lunatic Bistro","5","Sulfuron Harbinger"
"20/11/13 21:06:40","Skamp","nil","5","Sulfuron Harbinger"
"20/11/13 21:06:40","Stabjobs","nil","5","Sulfuron Harbinger"
"20/11/13 21:06:40","Twoseven","House of Chaos","5","Sulfuron Harbinger"
"20/11/13 21:06:40","Zydan","UnknownGuild","5","Sulfuron Harbinger"
"20/11/13 21:20:33","Alorrin","nil","5","Golemagg the Incinerator"
"20/11/13 21:20:33","Angelhawk","nil","5","Golemagg the Incinerator"
"20/11/13 21:20:33","Anya","UnknownGuild","5","Golemagg the Incinerator"
"20/11/13 21:20:33","Banefflack","UnknownGuild","5","Golemagg the Incinerator"
"20/11/13 21:20:33","Buriol","House of Chaos","5","Golemagg the Incinerator"
"20/11/13 21:20:33","Cloudstalker","House of Chaos","5","Golemagg the Incinerator"
"20/11/13 21:20:33","Darastrixss","House of Chaos","5","Golemagg the Incinerator"
"20/11/13 21:20:33","Deadgreen","House of Chaos","5","Golemagg the Incinerator"
"20/11/13 21:20:33","Dirtyhipy","nil","5","Golemagg the Incinerator"
"20/11/13 21:20:33","Drorbit","House of Chaos","5","Golemagg the Incinerator"
"20/11/13 21:20:33","Dugtreeo","House of Chaos","5","Golemagg the Incinerator"
"20/11/13 21:20:33","Frostgem","House of Chaos","5","Golemagg the Incinerator"
"20/11/13 21:20:33","Fyreonyahead","House of Chaos","5","Golemagg the Incinerator"
"20/11/13 21:20:33","Griffoneye","nil","5","Golemagg the Incinerator"
"20/11/13 21:20:33","Guye","nil","5","Golemagg the Incinerator"
"20/11/13 21:20:33","Halryn","Stardust Crusaders","5","Golemagg the Incinerator"
"20/11/13 21:20:33","Joejo","nil","5","Golemagg the Incinerator"
"20/11/13 21:20:33","Kalon","House of Chaos","5","Golemagg the Incinerator"
"20/11/13 21:20:33","Mereyna","Reign","5","Golemagg the Incinerator"
"20/11/13 21:20:33","Nimplesticks","UnknownGuild","5","Golemagg the Incinerator"
"20/11/13 21:20:33","Pbnjam","nil","5","Golemagg the Incinerator"
"20/11/13 21:20:33","Powerplay","nil","5","Golemagg the Incinerator"
"20/11/13 21:20:33","Rawland","House of Chaos","5","Golemagg the Incinerator"
"20/11/13 21:20:33","Rhubarbpie","House of Chaos","5","Golemagg the Incinerator"
"20/11/13 21:20:33","Scorpob","House of Chaos","5","Golemagg the Incinerator"
"20/11/13 21:20:33","Spltprsnalty","nil","5","Golemagg the Incinerator"
"20/11/13 21:20:33","Stabjobs","nil","5","Golemagg the Incinerator"
"20/11/13 21:20:33","Twoseven","House of Chaos","5","Golemagg the Incinerator"
"20/11/13 21:20:33","Zydan","UnknownGuild","5","Golemagg the Incinerator"
"20/11/13 21:20:34","Argeria","nil","5","Golemagg the Incinerator"
"20/11/13 21:20:34","Arthillas","House of Chaos","5","Golemagg the Incinerator"
"20/11/13 21:20:34","Cybro","nil","5","Golemagg the Incinerator"
"20/11/13 21:20:34","Danhuck","nil","5","Golemagg the Incinerator"
"20/11/13 21:20:34","Ehndling","nil","5","Golemagg the Incinerator"
"20/11/13 21:20:34","Ellody","Stardust Crusaders","5","Golemagg the Incinerator"
"20/11/13 21:20:34","Gíbbs","nil","5","Golemagg the Incinerator"
"20/11/13 21:20:34","Mcflyy","UnknownGuild","5","Golemagg the Incinerator"
"20/11/13 21:20:34","Pollyeagle","nil","5","Golemagg the Incinerator"
"20/11/13 21:20:34","Rivien","Lunatic Bistro","5","Golemagg the Incinerator"
"20/11/13 21:20:34","Skamp","nil","5","Golemagg the Incinerator"
"20/11/13 21:32:08","Alorrin","nil","5","Majordomo Executus"
"20/11/13 21:32:08","Angelhawk","nil","5","Majordomo Executus"
"20/11/13 21:32:08","Anya","UnknownGuild","5","Majordomo Executus"
"20/11/13 21:32:08","Banefflack","UnknownGuild","5","Majordomo Executus"
"20/11/13 21:32:08","Buriol","House of Chaos","5","Majordomo Executus"
"20/11/13 21:32:08","Cloudstalker","House of Chaos","5","Majordomo Executus"
"20/11/13 21:32:08","Darastrixss","House of Chaos","5","Majordomo Executus"
"20/11/13 21:32:08","Deadgreen","House of Chaos","5","Majordomo Executus"
"20/11/13 21:32:08","Drorbit","House of Chaos","5","Majordomo Executus"
"20/11/13 21:32:08","Dugtreeo","House of Chaos","5","Majordomo Executus"
"20/11/13 21:32:08","Frostgem","House of Chaos","5","Majordomo Executus"
"20/11/13 21:32:08","Fyreonyahead","House of Chaos","5","Majordomo Executus"
"20/11/13 21:32:08","Guye","nil","5","Majordomo Executus"
"20/11/13 21:32:08","Halryn","Stardust Crusaders","5","Majordomo Executus"
"20/11/13 21:32:08","Joejo","nil","5","Majordomo Executus"
"20/11/13 21:32:08","Kalon","House of Chaos","5","Majordomo Executus"
"20/11/13 21:32:08","Mereyna","Reign","5","Majordomo Executus"
"20/11/13 21:32:08","Powerplay","nil","5","Majordomo Executus"
"20/11/13 21:32:08","Rawland","House of Chaos","5","Majordomo Executus"
"20/11/13 21:32:08","Rhubarbpie","House of Chaos","5","Majordomo Executus"
"20/11/13 21:32:08","Scorpob","House of Chaos","5","Majordomo Executus"
"20/11/13 21:32:08","Spltprsnalty","nil","5","Majordomo Executus"
"20/11/13 21:32:08","Stabjobs","nil","5","Majordomo Executus"
"20/11/13 21:32:08","Twoseven","House of Chaos","5","Majordomo Executus"
"20/11/13 21:32:08","Zydan","UnknownGuild","5","Majordomo Executus"
"20/11/13 21:32:09","Argeria","nil","5","Majordomo Executus"
"20/11/13 21:32:09","Arthillas","House of Chaos","5","Majordomo Executus"
"20/11/13 21:32:09","Cybro","nil","5","Majordomo Executus"
"20/11/13 21:32:09","Danhuck","nil","5","Majordomo Executus"
"20/11/13 21:32:09","Dirtyhipy","nil","5","Majordomo Executus"
"20/11/13 21:32:09","Ehndling","nil","5","Majordomo Executus"
"20/11/13 21:32:09","Ellody","Stardust Crusaders","5","Majordomo Executus"
"20/11/13 21:32:09","Griffoneye","nil","5","Majordomo Executus"
"20/11/13 21:32:09","Gíbbs","nil","5","Majordomo Executus"
"20/11/13 21:32:09","Mcflyy","UnknownGuild","5","Majordomo Executus"
"20/11/13 21:32:09","Nimplesticks","UnknownGuild","5","Majordomo Executus"
"20/11/13 21:32:09","Pbnjam","nil","5","Majordomo Executus"
"20/11/13 21:32:09","Pollyeagle","nil","5","Majordomo Executus"
"20/11/13 21:32:09","Rivien","Lunatic Bistro","5","Majordomo Executus"
"20/11/13 21:58:38","Alorrin","nil","7","Ragnaros"
"20/11/13 21:58:38","Angelhawk","nil","7","Ragnaros"
"20/11/13 21:58:38","Anya","UnknownGuild","7","Ragnaros"
"20/11/13 21:58:38","Banefflack","UnknownGuild","7","Ragnaros"
"20/11/13 21:58:38","Buriol","House of Chaos","7","Ragnaros"
"20/11/13 21:58:38","Cloudstalker","House of Chaos","7","Ragnaros"
"20/11/13 21:58:38","Cybro","nil","7","Ragnaros"
"20/11/13 21:58:38","Darastrixss","House of Chaos","7","Ragnaros"
"20/11/13 21:58:38","Deadgreen","House of Chaos","7","Ragnaros"
"20/11/13 21:58:38","Dirtyhipy","nil","7","Ragnaros"
"20/11/13 21:58:38","Drorbit","House of Chaos","7","Ragnaros"
"20/11/13 21:58:38","Dugtreeo","House of Chaos","7","Ragnaros"
"20/11/13 21:58:38","Ehndling","nil","7","Ragnaros"
"20/11/13 21:58:38","Frostgem","House of Chaos","7","Ragnaros"
"20/11/13 21:58:38","Fyreonyahead","House of Chaos","7","Ragnaros"
"20/11/13 21:58:38","Griffoneye","nil","7","Ragnaros"
"20/11/13 21:58:38","Guye","nil","7","Ragnaros"
"20/11/13 21:58:38","Halryn","Stardust Crusaders","7","Ragnaros"
"20/11/13 21:58:38","Joejo","nil","7","Ragnaros"
"20/11/13 21:58:38","Kalon","House of Chaos","7","Ragnaros"
"20/11/13 21:58:38","Mcflyy","UnknownGuild","7","Ragnaros"
"20/11/13 21:58:38","Mereyna","Reign","7","Ragnaros"
"20/11/13 21:58:38","Nimplesticks","UnknownGuild","7","Ragnaros"
"20/11/13 21:58:38","Pbnjam","nil","7","Ragnaros"
"20/11/13 21:58:38","Powerplay","nil","7","Ragnaros"
"20/11/13 21:58:38","Rawland","House of Chaos","7","Ragnaros"
"20/11/13 21:58:38","Rhubarbpie","House of Chaos","7","Ragnaros"
"20/11/13 21:58:38","Scorpob","House of Chaos","7","Ragnaros"
"20/11/13 21:58:38","Spltprsnalty","nil","7","Ragnaros"
"20/11/13 21:58:38","Stabjobs","nil","7","Ragnaros"
"20/11/13 21:58:38","Twoseven","House of Chaos","7","Ragnaros"
"20/11/13 21:58:38","Zydan","UnknownGuild","7","Ragnaros"
"20/11/13 21:58:39","Argeria","nil","7","Ragnaros"
"20/11/13 21:58:39","Arthillas","House of Chaos","7","Ragnaros"
"20/11/13 21:58:39","Danhuck","nil","7","Ragnaros"
"20/11/13 21:58:39","Ellody","Stardust Crusaders","7","Ragnaros"
"20/11/13 21:58:39","Gíbbs","nil","7","Ragnaros"
"20/11/13 21:58:39","Pollyeagle","nil","7","Ragnaros"
"20/11/13 21:58:39","Rivien","Lunatic Bistro","7","Ragnaros"
"20/11/14 17:32:04","Anya","UnknownGuild","5","Onyxia"
"20/11/14 17:32:04","Awestrich","House of Chaos","5","Onyxia"
"20/11/14 17:32:04","Balana","nil","5","Onyxia"
"20/11/14 17:32:04","Buriol","House of Chaos","5","Onyxia"
"20/11/14 17:32:04","Chakira","nil","5","Onyxia"
"20/11/14 17:32:04","Cloudstalker","House of Chaos","5","Onyxia"
"20/11/14 17:32:04","Darastrixss","House of Chaos","5","Onyxia"
"20/11/14 17:32:04","Drorbit","House of Chaos","5","Onyxia"
"20/11/14 17:32:04","Dugtreeo","House of Chaos","5","Onyxia"
"20/11/14 17:32:04","Frostgem","House of Chaos","5","Onyxia"
"20/11/14 17:32:04","Huntersam","nil","5","Onyxia"
"20/11/14 17:32:04","Kalon","House of Chaos","5","Onyxia"
"20/11/14 17:32:04","Realtank","nil","5","Onyxia"
"20/11/14 17:32:04","Sadlowski","nil","5","Onyxia"
"20/11/14 17:32:04","Sayua","nil","5","Onyxia"
"20/11/14 17:32:04","Scorpob","House of Chaos","5","Onyxia"
"20/11/14 17:32:04","Shalody","House of Chaos","5","Onyxia"
"20/11/14 17:32:04","Spltprsnalty","nil","5","Onyxia"
"20/11/14 17:32:04","Stabbyshanks","nil","5","Onyxia"
"20/11/14 17:32:04","Tandierdra","nil","5","Onyxia"
"20/11/14 17:32:04","Wravian","nil","5","Onyxia"
"20/11/14 17:32:04","Zydan","UnknownGuild","5","Onyxia"
"20/11/14 17:32:05","Covidfire","House of Chaos","5","Onyxia"
"20/11/14 17:32:05","Drymage","nil","5","Onyxia"
"20/11/14 17:32:05","Durac","nil","5","Onyxia"
"20/11/14 17:32:05","Dustygranola","nil","5","Onyxia"
"20/11/14 17:32:05","Karloso","nil","5","Onyxia"
"20/11/14 17:32:05","Rayvenn","House of Chaos","5","Onyxia"
"20/11/14 17:32:05","Rayzilla","nil","5","Onyxia"
"20/11/14 17:32:05","Unclejim","nil","5","Onyxia"
"20/11/20 18:16:09","Adelaed","nil","-6","decay"
"20/11/20 18:16:09","Chakira","nil","-1","decay"
"20/11/20 18:16:09","Covidfire","House of Chaos","-1","decay"
"20/11/20 18:16:09","Galenne","House of Chaos","-15","decay"
"20/11/20 18:16:09","Huntersam","nil","-1","decay"
"20/11/20 18:16:09","Ismael","Stardust Crusaders","-6","decay"
"20/11/20 18:16:09","Stabjobs","nil","-6","decay"
"20/11/20 18:16:09","Tandierdra","nil","-1","decay"
"20/11/20 18:16:09","Twoseven","House of Chaos","-25","decay"
"20/11/20 18:16:10","Alorrin","nil","-14","decay"
"20/11/20 18:16:10","Angelhawk","nil","-6","decay"
"20/11/20 18:16:10","Arthillas","House of Chaos","-6","decay"
"20/11/20 18:16:10","Awestrich","House of Chaos","-6","decay"
"20/11/20 18:16:10","Banefflack","UnknownGuild","-6","decay"
"20/11/20 18:16:10","Baneofham","nil","-6","decay"
"20/11/20 18:16:10","Belincito","House of Chaos","-15","decay"
"20/11/20 18:16:10","Chentamex","House of Chaos","-15","decay"
"20/11/20 18:16:10","Cirien","UnknownGuild","-20","decay"
"20/11/20 18:16:10","Cloudstalker","House of Chaos","-26","decay"
"20/11/20 18:16:10","Danhuck","nil","-5","decay"
"20/11/20 18:16:10","Darastrixss","House of Chaos","-26","decay"
"20/11/20 18:16:10","Darkirish","nil","-6","decay"
"20/11/20 18:16:10","Darkmotive","nil","-5","decay"
"20/11/20 18:16:10","Darkris","nil","-1","decay"
"20/11/20 18:16:10","Deadgreen","House of Chaos","-20","decay"
"20/11/20 18:16:10","Durac","nil","-6","decay"
"20/11/20 18:16:10","Ellody","Stardust Crusaders","-5","decay"
"20/11/20 18:16:10","Frostgem","House of Chaos","-16","decay"
"20/11/20 18:16:10","Fyreonyahead","House of Chaos","-6","decay"
"20/11/20 18:16:10","Griffoneye","nil","-7","decay"
"20/11/20 18:16:10","Gíbbs","nil","-6","decay"
"20/11/20 18:16:10","Kalon","House of Chaos","-26","decay"
"20/11/20 18:16:10","Powerplay","nil","-11","decay"
"20/11/20 18:16:10","Rawland","House of Chaos","-11","decay"
"20/11/20 18:16:10","Rhubarbpie","House of Chaos","-25","decay"
"20/11/20 18:16:10","Roisin","nil","-15","decay"
"20/11/20 18:16:10","Scorpob","House of Chaos","-21","decay"
"20/11/20 18:16:10","Skamp","nil","-4","decay"
"20/11/20 18:16:10","Stabbyshanks","nil","-1","decay"
"20/11/20 18:16:10","Tarlin","House of Chaos","-5","decay"
"20/11/20 18:16:10","Unclejim","nil","-1","decay"
"20/11/20 18:16:10","Xylen","nil","-5","decay"
"20/11/20 18:16:11","Anya","UnknownGuild","-6","decay"
"20/11/20 18:16:11","Argeria","nil","-6","decay"
"20/11/20 18:16:11","Balana","nil","-1","decay"
"20/11/20 18:16:11","Buriol","House of Chaos","-26","decay"
"20/11/20 18:16:11","Cussack","nil","-6","decay"
"20/11/20 18:16:11","Darkjoe","nil","-6","decay"
"20/11/20 18:16:11","Drymage","nil","-1","decay"
"20/11/20 18:16:11","Dugtreeo","House of Chaos","-24","decay"
"20/11/20 18:16:11","Dustygranola","nil","-1","decay"
"20/11/20 18:16:11","Halryn","Stardust Crusaders","-6","decay"
"20/11/20 18:16:11","Joejo","nil","-6","decay"
"20/11/20 18:16:11","Karloso","nil","-1","decay"
"20/11/20 18:16:11","Keldonartin","nil","-5","decay"
"20/11/20 18:16:11","Mcflyy","UnknownGuild","-11","decay"
"20/11/20 18:16:11","Mereyna","Reign","-15","decay"
"20/11/20 18:16:11","Nimplesticks","UnknownGuild","-11","decay"
"20/11/20 18:16:11","Rayzilla","nil","-1","decay"
"20/11/20 18:16:11","Realtank","nil","-1","decay"
"20/11/20 18:16:11","Rivien","Lunatic Bistro","-5","decay"
"20/11/20 18:16:11","Sadlowski","nil","-1","decay"
"20/11/20 18:16:11","Sayua","nil","-1","decay"
"20/11/20 18:16:11","Sheepieyou","nil","-6","decay"
"20/11/20 18:16:11","Spearia","nil","-6","decay"
"20/11/20 18:16:11","Spltprsnalty","nil","-11","decay"
"20/11/20 18:16:11","Thauriel","Reign","-6","decay"
"20/11/20 18:16:11","Urdin","House of Chaos","-10","decay"
"20/11/20 18:16:11","Wickoo","House of Chaos","-5","decay"
"20/11/20 18:16:11","Wravian","nil","-1","decay"
"20/11/20 18:16:12","Cybro","nil","-6","decay"
"20/11/20 18:16:12","Deadflowers","nil","-6","decay"
"20/11/20 18:16:12","Dirtyhipy","nil","-6","decay"
"20/11/20 18:16:12","Dorand","nil","-6","decay"
"20/11/20 18:16:12","Drorbit","House of Chaos","-21","decay"
"20/11/20 18:16:12","Ehndling","nil","-11","decay"
"20/11/20 18:16:12","Frostbeet","nil","-6","decay"
"20/11/20 18:16:12","Gedsstore","House of Chaos","-15","decay"
"20/11/20 18:16:12","Guye","nil","-6","decay"
"20/11/20 18:16:12","Meldilina","House of Chaos","-5","decay"
"20/11/20 18:16:12","Panicked","House of Chaos","-5","decay"
"20/11/20 18:16:12","Pbnjam","nil","-6","decay"
"20/11/20 18:16:12","Pollyeagle","nil","-6","decay"
"20/11/20 18:16:12","Rayvenn","House of Chaos","-8","decay"
"20/11/20 18:16:12","Shalody","House of Chaos","-8","decay"
"20/11/20 18:16:12","Shandow","House of Chaos","-20","decay"
"20/11/20 18:16:12","Zydan","UnknownGuild","-6","decay"
"20/11/20 18:40:45","Adelaed","nil","5","Lucifron"
"20/11/20 18:40:45","Arthillas","House of Chaos","5","Lucifron"
"20/11/20 18:40:45","Azgaroth","nil","5","Lucifron"
"20/11/20 18:40:45","Bufalino","nil","5","Lucifron"
"20/11/20 18:40:45","Buriol","House of Chaos","5","Lucifron"
"20/11/20 18:40:45","Cloudstalker","House of Chaos","5","Lucifron"
"20/11/20 18:40:45","Darastrixss","House of Chaos","5","Lucifron"
"20/11/20 18:40:45","Darkmotive","nil","5","Lucifron"
"20/11/20 18:40:45","Darknyss","nil","5","Lucifron"
"20/11/20 18:40:45","Deadgreen","House of Chaos","5","Lucifron"
"20/11/20 18:40:45","Dristol","nil","5","Lucifron"
"20/11/20 18:40:45","Drorbit","House of Chaos","5","Lucifron"
"20/11/20 18:40:45","Dugtreeo","House of Chaos","5","Lucifron"
"20/11/20 18:40:45","Ehndling","nil","5","Lucifron"
"20/11/20 18:40:45","Frostgem","House of Chaos","5","Lucifron"
"20/11/20 18:40:45","Fyreonyahead","House of Chaos","5","Lucifron"
"20/11/20 18:40:45","Galenne","House of Chaos","5","Lucifron"
"20/11/20 18:40:45","Kacarultzo","UnknownGuild","5","Lucifron"
"20/11/20 18:40:45","Kalon","House of Chaos","5","Lucifron"
"20/11/20 18:40:45","Lightavenger","nil","5","Lucifron"
"20/11/20 18:40:45","Lilbluepill","nil","5","Lucifron"
"20/11/20 18:40:45","Marthjr","nil","5","Lucifron"
"20/11/20 18:40:45","Mcflyy","UnknownGuild","5","Lucifron"
"20/11/20 18:40:45","Mereyna","Reign","5","Lucifron"
"20/11/20 18:40:45","Nester","nil","5","Lucifron"
"20/11/20 18:40:45","Nicveryberry","Well We Tried","5","Lucifron"
"20/11/20 18:40:45","Nimplesticks","UnknownGuild","5","Lucifron"
"20/11/20 18:40:45","Powerplay","nil","5","Lucifron"
"20/11/20 18:40:45","Rawland","House of Chaos","5","Lucifron"
"20/11/20 18:40:45","Rhubarbpie","House of Chaos","5","Lucifron"
"20/11/20 18:40:45","Roisin","nil","5","Lucifron"
"20/11/20 18:40:45","Sandysandra","House of Chaos","5","Lucifron"
"20/11/20 18:40:45","Shalody","House of Chaos","5","Lucifron"
"20/11/20 18:40:45","Turimbooze","nil","5","Lucifron"
"20/11/20 18:40:45","Twoseven","House of Chaos","5","Lucifron"
"20/11/20 18:40:45","Valeryie","UnknownGuild","5","Lucifron"
"20/11/20 18:40:45","Vannifar","UnknownGuild","5","Lucifron"
"20/11/20 18:40:45","Xylen","nil","5","Lucifron"
"20/11/20 18:40:45","Zydan","UnknownGuild","5","Lucifron"
"20/11/20 18:40:45","Érikétia","UnknownGuild","5","Lucifron"
"20/11/20 18:48:30","Adelaed","nil","5","Magmadar"
"20/11/20 18:48:30","Arthillas","House of Chaos","5","Magmadar"
"20/11/20 18:48:30","Azgaroth","nil","5","Magmadar"
"20/11/20 18:48:30","Bufalino","nil","5","Magmadar"
"20/11/20 18:48:30","Buriol","House of Chaos","5","Magmadar"
"20/11/20 18:48:30","Cloudstalker","House of Chaos","5","Magmadar"
"20/11/20 18:48:30","Darastrixss","House of Chaos","5","Magmadar"
"20/11/20 18:48:30","Darkmotive","nil","5","Magmadar"
"20/11/20 18:48:30","Darknyss","nil","5","Magmadar"
"20/11/20 18:48:30","Deadgreen","House of Chaos","5","Magmadar"
"20/11/20 18:48:30","Dristol","nil","5","Magmadar"
"20/11/20 18:48:30","Drorbit","House of Chaos","5","Magmadar"
"20/11/20 18:48:30","Dugtreeo","House of Chaos","5","Magmadar"
"20/11/20 18:48:30","Ehndling","nil","5","Magmadar"
"20/11/20 18:48:30","Frostgem","House of Chaos","5","Magmadar"
"20/11/20 18:48:30","Fyreonyahead","House of Chaos","5","Magmadar"
"20/11/20 18:48:30","Galenne","House of Chaos","5","Magmadar"
"20/11/20 18:48:30","Kacarultzo","UnknownGuild","5","Magmadar"
"20/11/20 18:48:30","Kalon","House of Chaos","5","Magmadar"
"20/11/20 18:48:30","Lightavenger","nil","5","Magmadar"
"20/11/20 18:48:30","Lilbluepill","nil","5","Magmadar"
"20/11/20 18:48:30","Marthjr","nil","5","Magmadar"
"20/11/20 18:48:30","Mcflyy","UnknownGuild","5","Magmadar"
"20/11/20 18:48:30","Mereyna","Reign","5","Magmadar"
"20/11/20 18:48:30","Nester","nil","5","Magmadar"
"20/11/20 18:48:30","Nicveryberry","Well We Tried","5","Magmadar"
"20/11/20 18:48:30","Nimplesticks","UnknownGuild","5","Magmadar"
"20/11/20 18:48:30","Powerplay","nil","5","Magmadar"
"20/11/20 18:48:30","Rawland","House of Chaos","5","Magmadar"
"20/11/20 18:48:30","Rhubarbpie","House of Chaos","5","Magmadar"
"20/11/20 18:48:30","Roisin","nil","5","Magmadar"
"20/11/20 18:48:30","Sandysandra","House of Chaos","5","Magmadar"
"20/11/20 18:48:30","Shalody","House of Chaos","5","Magmadar"
"20/11/20 18:48:30","Turimbooze","nil","5","Magmadar"
"20/11/20 18:48:30","Twoseven","House of Chaos","5","Magmadar"
"20/11/20 18:48:30","Valeryie","UnknownGuild","5","Magmadar"
"20/11/20 18:48:30","Vannifar","UnknownGuild","5","Magmadar"
"20/11/20 18:48:30","Xylen","nil","5","Magmadar"
"20/11/20 18:48:30","Zydan","UnknownGuild","5","Magmadar"
"20/11/20 18:48:30","Érikétia","UnknownGuild","5","Magmadar"
"20/11/20 19:06:58","Adelaed","nil","5","Gehennas"
"20/11/20 19:06:58","Arthillas","House of Chaos","5","Gehennas"
"20/11/20 19:06:58","Azgaroth","nil","5","Gehennas"
"20/11/20 19:06:58","Bufalino","nil","5","Gehennas"
"20/11/20 19:06:58","Buriol","House of Chaos","5","Gehennas"
"20/11/20 19:06:58","Cloudstalker","House of Chaos","5","Gehennas"
"20/11/20 19:06:58","Darastrixss","House of Chaos","5","Gehennas"
"20/11/20 19:06:58","Darkmotive","nil","5","Gehennas"
"20/11/20 19:06:58","Darknyss","nil","5","Gehennas"
"20/11/20 19:06:58","Deadgreen","House of Chaos","5","Gehennas"
"20/11/20 19:06:58","Dristol","nil","5","Gehennas"
"20/11/20 19:06:58","Drorbit","House of Chaos","5","Gehennas"
"20/11/20 19:06:58","Dugtreeo","House of Chaos","5","Gehennas"
"20/11/20 19:06:58","Ehndling","nil","5","Gehennas"
"20/11/20 19:06:58","Frostgem","House of Chaos","5","Gehennas"
"20/11/20 19:06:58","Fyreonyahead","House of Chaos","5","Gehennas"
"20/11/20 19:06:58","Galenne","House of Chaos","5","Gehennas"
"20/11/20 19:06:58","Kacarultzo","UnknownGuild","5","Gehennas"
"20/11/20 19:06:58","Kalon","House of Chaos","5","Gehennas"
"20/11/20 19:06:58","Lightavenger","nil","5","Gehennas"
"20/11/20 19:06:58","Lilbluepill","nil","5","Gehennas"
"20/11/20 19:06:58","Marthjr","nil","5","Gehennas"
"20/11/20 19:06:58","Mcflyy","UnknownGuild","5","Gehennas"
"20/11/20 19:06:58","Mereyna","Reign","5","Gehennas"
"20/11/20 19:06:58","Nester","nil","5","Gehennas"
"20/11/20 19:06:58","Nicveryberry","Well We Tried","5","Gehennas"
"20/11/20 19:06:58","Nimplesticks","UnknownGuild","5","Gehennas"
"20/11/20 19:06:58","Powerplay","nil","5","Gehennas"
"20/11/20 19:06:58","Rawland","House of Chaos","5","Gehennas"
"20/11/20 19:06:58","Rhubarbpie","House of Chaos","5","Gehennas"
"20/11/20 19:06:58","Roisin","nil","5","Gehennas"
"20/11/20 19:06:58","Sandysandra","House of Chaos","5","Gehennas"
"20/11/20 19:06:58","Shalody","House of Chaos","5","Gehennas"
"20/11/20 19:06:58","Turimbooze","nil","5","Gehennas"
"20/11/20 19:06:58","Twoseven","House of Chaos","5","Gehennas"
"20/11/20 19:06:58","Valeryie","UnknownGuild","5","Gehennas"
"20/11/20 19:06:58","Vannifar","UnknownGuild","5","Gehennas"
"20/11/20 19:06:58","Xylen","nil","5","Gehennas"
"20/11/20 19:06:58","Zydan","UnknownGuild","5","Gehennas"
"20/11/20 19:06:58","Érikétia","UnknownGuild","5","Gehennas"
"20/11/20 19:28:51","Cloudstalker","House of Chaos","5","Garr"
"20/11/20 19:28:51","Darkmotive","nil","5","Garr"
"20/11/20 19:28:51","Drorbit","House of Chaos","5","Garr"
"20/11/20 19:28:51","Dugtreeo","House of Chaos","5","Garr"
"20/11/20 19:28:51","Kacarultzo","UnknownGuild","5","Garr"
"20/11/20 19:28:51","Kalon","House of Chaos","5","Garr"
"20/11/20 19:28:51","Lilbluepill","nil","5","Garr"
"20/11/20 19:28:51","Marthjr","nil","5","Garr"
"20/11/20 19:28:51","Rhubarbpie","House of Chaos","5","Garr"
"20/11/20 19:28:51","Turimbooze","nil","5","Garr"
"20/11/20 19:28:51","Valeryie","UnknownGuild","5","Garr"
"20/11/20 19:28:51","Zydan","UnknownGuild","5","Garr"
"20/11/20 19:28:52","Adelaed","nil","5","Garr"
"20/11/20 19:28:52","Arthillas","House of Chaos","5","Garr"
"20/11/20 19:28:52","Azgaroth","nil","5","Garr"
"20/11/20 19:28:52","Bufalino","nil","5","Garr"
"20/11/20 19:28:52","Buriol","House of Chaos","5","Garr"
"20/11/20 19:28:52","Darastrixss","House of Chaos","5","Garr"
"20/11/20 19:28:52","Darknyss","nil","5","Garr"
"20/11/20 19:28:52","Deadgreen","House of Chaos","5","Garr"
"20/11/20 19:28:52","Dristol","nil","5","Garr"
"20/11/20 19:28:52","Ehndling","nil","5","Garr"
"20/11/20 19:28:52","Frostgem","House of Chaos","5","Garr"
"20/11/20 19:28:52","Fyreonyahead","House of Chaos","5","Garr"
"20/11/20 19:28:52","Galenne","House of Chaos","5","Garr"
"20/11/20 19:28:52","Lightavenger","nil","5","Garr"
"20/11/20 19:28:52","Mcflyy","UnknownGuild","5","Garr"
"20/11/20 19:28:52","Mereyna","Reign","5","Garr"
"20/11/20 19:28:52","Nester","nil","5","Garr"
"20/11/20 19:28:52","Nicveryberry","Well We Tried","5","Garr"
"20/11/20 19:28:52","Nimplesticks","UnknownGuild","5","Garr"
"20/11/20 19:28:52","Powerplay","nil","5","Garr"
"20/11/20 19:28:52","Rawland","House of Chaos","5","Garr"
"20/11/20 19:28:52","Roisin","nil","5","Garr"
"20/11/20 19:28:52","Sandysandra","House of Chaos","5","Garr"
"20/11/20 19:28:52","Shalody","House of Chaos","5","Garr"
"20/11/20 19:28:52","Twoseven","House of Chaos","5","Garr"
"20/11/20 19:28:52","Vannifar","UnknownGuild","5","Garr"
"20/11/20 19:28:52","Xylen","nil","5","Garr"
"20/11/20 19:28:52","Érikétia","UnknownGuild","5","Garr"
"20/11/20 19:48:40","Adelaed","nil","5","Baron Geddon"
"20/11/20 19:48:40","Cloudstalker","House of Chaos","5","Baron Geddon"
"20/11/20 19:48:40","Darastrixss","House of Chaos","5","Baron Geddon"
"20/11/20 19:48:40","Darkmotive","nil","5","Baron Geddon"
"20/11/20 19:48:40","Drorbit","House of Chaos","5","Baron Geddon"
"20/11/20 19:48:40","Dugtreeo","House of Chaos","5","Baron Geddon"
"20/11/20 19:48:40","Kacarultzo","UnknownGuild","5","Baron Geddon"
"20/11/20 19:48:40","Kalon","House of Chaos","5","Baron Geddon"
"20/11/20 19:48:40","Lightavenger","nil","5","Baron Geddon"
"20/11/20 19:48:40","Lilbluepill","nil","5","Baron Geddon"
"20/11/20 19:48:40","Marthjr","nil","5","Baron Geddon"
"20/11/20 19:48:40","Nimplesticks","UnknownGuild","5","Baron Geddon"
"20/11/20 19:48:40","Rhubarbpie","House of Chaos","5","Baron Geddon"
"20/11/20 19:48:40","Turimbooze","nil","5","Baron Geddon"
"20/11/20 19:48:40","Valeryie","UnknownGuild","5","Baron Geddon"
"20/11/20 19:48:40","Zydan","UnknownGuild","5","Baron Geddon"
"20/11/20 19:48:40","Érikétia","UnknownGuild","5","Baron Geddon"
"20/11/20 19:48:41","Arthillas","House of Chaos","5","Baron Geddon"
"20/11/20 19:48:41","Azgaroth","nil","5","Baron Geddon"
"20/11/20 19:48:41","Bufalino","nil","5","Baron Geddon"
"20/11/20 19:48:41","Buriol","House of Chaos","5","Baron Geddon"
"20/11/20 19:48:41","Darknyss","nil","5","Baron Geddon"
"20/11/20 19:48:41","Deadgreen","House of Chaos","5","Baron Geddon"
"20/11/20 19:48:41","Dristol","nil","5","Baron Geddon"
"20/11/20 19:48:41","Ehndling","nil","5","Baron Geddon"
"20/11/20 19:48:41","Frostgem","House of Chaos","5","Baron Geddon"
"20/11/20 19:48:41","Fyreonyahead","House of Chaos","5","Baron Geddon"
"20/11/20 19:48:41","Galenne","House of Chaos","5","Baron Geddon"
"20/11/20 19:48:41","Mcflyy","UnknownGuild","5","Baron Geddon"
"20/11/20 19:48:41","Mereyna","Reign","5","Baron Geddon"
"20/11/20 19:48:41","Nester","nil","5","Baron Geddon"
"20/11/20 19:48:41","Nicveryberry","Well We Tried","5","Baron Geddon"
"20/11/20 19:48:41","Powerplay","nil","5","Baron Geddon"
"20/11/20 19:48:41","Rawland","House of Chaos","5","Baron Geddon"
"20/11/20 19:48:41","Roisin","nil","5","Baron Geddon"
"20/11/20 19:48:41","Sandysandra","House of Chaos","5","Baron Geddon"
"20/11/20 19:48:41","Shalody","House of Chaos","5","Baron Geddon"
"20/11/20 19:48:41","Twoseven","House of Chaos","5","Baron Geddon"
"20/11/20 19:48:41","Vannifar","UnknownGuild","5","Baron Geddon"
"20/11/20 19:48:41","Xylen","nil","5","Baron Geddon"
"20/11/20 20:17:29","Adelaed","nil","5","Shazzrah"
"20/11/20 20:17:29","Arthillas","House of Chaos","5","Shazzrah"
"20/11/20 20:17:29","Cloudstalker","House of Chaos","5","Shazzrah"
"20/11/20 20:17:29","Darastrixss","House of Chaos","5","Shazzrah"
"20/11/20 20:17:29","Darkmotive","nil","5","Shazzrah"
"20/11/20 20:17:29","Darknyss","nil","5","Shazzrah"
"20/11/20 20:17:29","Deadgreen","House of Chaos","5","Shazzrah"
"20/11/20 20:17:29","Drorbit","House of Chaos","5","Shazzrah"
"20/11/20 20:17:29","Dugtreeo","House of Chaos","5","Shazzrah"
"20/11/20 20:17:29","Ehndling","nil","5","Shazzrah"
"20/11/20 20:17:29","Kacarultzo","UnknownGuild","5","Shazzrah"
"20/11/20 20:17:29","Kalon","House of Chaos","5","Shazzrah"
"20/11/20 20:17:29","Lightavenger","nil","5","Shazzrah"
"20/11/20 20:17:29","Lilbluepill","nil","5","Shazzrah"
"20/11/20 20:17:29","Marthjr","nil","5","Shazzrah"
"20/11/20 20:17:29","Mcflyy","UnknownGuild","5","Shazzrah"
"20/11/20 20:17:29","Nicveryberry","Well We Tried","5","Shazzrah"
"20/11/20 20:17:29","Nimplesticks","UnknownGuild","5","Shazzrah"
"20/11/20 20:17:29","Rawland","House of Chaos","5","Shazzrah"
"20/11/20 20:17:29","Rhubarbpie","House of Chaos","5","Shazzrah"
"20/11/20 20:17:29","Sandysandra","House of Chaos","5","Shazzrah"
"20/11/20 20:17:29","Turimbooze","nil","5","Shazzrah"
"20/11/20 20:17:29","Valeryie","UnknownGuild","5","Shazzrah"
"20/11/20 20:17:29","Zydan","UnknownGuild","5","Shazzrah"
"20/11/20 20:17:29","Érikétia","UnknownGuild","5","Shazzrah"
"20/11/20 20:17:30","Azgaroth","nil","5","Shazzrah"
"20/11/20 20:17:30","Bufalino","nil","5","Shazzrah"
"20/11/20 20:17:30","Buriol","House of Chaos","5","Shazzrah"
"20/11/20 20:17:30","Dristol","nil","5","Shazzrah"
"20/11/20 20:17:30","Frostgem","House of Chaos","5","Shazzrah"
"20/11/20 20:17:30","Fyreonyahead","House of Chaos","5","Shazzrah"
"20/11/20 20:17:30","Galenne","House of Chaos","5","Shazzrah"
"20/11/20 20:17:30","Mereyna","Reign","5","Shazzrah"
"20/11/20 20:17:30","Nester","nil","5","Shazzrah"
"20/11/20 20:17:30","Powerplay","nil","5","Shazzrah"
"20/11/20 20:17:30","Roisin","nil","5","Shazzrah"
"20/11/20 20:17:30","Shalody","House of Chaos","5","Shazzrah"
"20/11/20 20:17:30","Twoseven","House of Chaos","5","Shazzrah"
"20/11/20 20:17:30","Vannifar","UnknownGuild","5","Shazzrah"
"20/11/20 20:17:30","Xylen","nil","5","Shazzrah"
"20/11/20 20:51:18","Adelaed","nil","5","Sulfuron Harbinger"
"20/11/20 20:51:18","Arthillas","House of Chaos","5","Sulfuron Harbinger"
"20/11/20 20:51:18","Buriol","House of Chaos","5","Sulfuron Harbinger"
"20/11/20 20:51:18","Cloudstalker","House of Chaos","5","Sulfuron Harbinger"
"20/11/20 20:51:18","Darastrixss","House of Chaos","5","Sulfuron Harbinger"
"20/11/20 20:51:18","Darkmotive","nil","5","Sulfuron Harbinger"
"20/11/20 20:51:18","Darknyss","nil","5","Sulfuron Harbinger"
"20/11/20 20:51:18","Deadgreen","House of Chaos","5","Sulfuron Harbinger"
"20/11/20 20:51:18","Dristol","nil","5","Sulfuron Harbinger"
"20/11/20 20:51:18","Drorbit","House of Chaos","5","Sulfuron Harbinger"
"20/11/20 20:51:18","Dugtreeo","House of Chaos","5","Sulfuron Harbinger"
"20/11/20 20:51:18","Ehndling","nil","5","Sulfuron Harbinger"
"20/11/20 20:51:18","Frostgem","House of Chaos","5","Sulfuron Harbinger"
"20/11/20 20:51:18","Fyreonyahead","House of Chaos","5","Sulfuron Harbinger"
"20/11/20 20:51:18","Galenne","House of Chaos","5","Sulfuron Harbinger"
"20/11/20 20:51:18","Kacarultzo","UnknownGuild","5","Sulfuron Harbinger"
"20/11/20 20:51:18","Kalon","House of Chaos","5","Sulfuron Harbinger"
"20/11/20 20:51:18","Lightavenger","nil","5","Sulfuron Harbinger"
"20/11/20 20:51:18","Lilbluepill","nil","5","Sulfuron Harbinger"
"20/11/20 20:51:18","Marthjr","nil","5","Sulfuron Harbinger"
"20/11/20 20:51:18","Mcflyy","UnknownGuild","5","Sulfuron Harbinger"
"20/11/20 20:51:18","Mereyna","Reign","5","Sulfuron Harbinger"
"20/11/20 20:51:18","Nester","nil","5","Sulfuron Harbinger"
"20/11/20 20:51:18","Nicveryberry","Well We Tried","5","Sulfuron Harbinger"
"20/11/20 20:51:18","Nimplesticks","UnknownGuild","5","Sulfuron Harbinger"
"20/11/20 20:51:18","Powerplay","nil","5","Sulfuron Harbinger"
"20/11/20 20:51:18","Rawland","House of Chaos","5","Sulfuron Harbinger"
"20/11/20 20:51:18","Rhubarbpie","House of Chaos","5","Sulfuron Harbinger"
"20/11/20 20:51:18","Roisin","nil","5","Sulfuron Harbinger"
"20/11/20 20:51:18","Sandysandra","House of Chaos","5","Sulfuron Harbinger"
"20/11/20 20:51:18","Shalody","House of Chaos","5","Sulfuron Harbinger"
"20/11/20 20:51:18","Turimbooze","nil","5","Sulfuron Harbinger"
"20/11/20 20:51:18","Valeryie","UnknownGuild","5","Sulfuron Harbinger"
"20/11/20 20:51:18","Vannifar","UnknownGuild","5","Sulfuron Harbinger"
"20/11/20 20:51:18","Zydan","UnknownGuild","5","Sulfuron Harbinger"
"20/11/20 20:51:18","Érikétia","UnknownGuild","5","Sulfuron Harbinger"
"20/11/20 20:51:19","Azgaroth","nil","5","Sulfuron Harbinger"
"20/11/20 20:51:19","Bufalino","nil","5","Sulfuron Harbinger"
"20/11/20 20:51:19","Twoseven","House of Chaos","5","Sulfuron Harbinger"
"20/11/20 20:51:19","Xylen","nil","5","Sulfuron Harbinger"
"20/11/20 21:07:22","Adelaed","nil","5","Golemagg the Incinerator"
"20/11/20 21:07:22","Arthillas","House of Chaos","5","Golemagg the Incinerator"
"20/11/20 21:07:22","Azgaroth","nil","5","Golemagg the Incinerator"
"20/11/20 21:07:22","Bufalino","nil","5","Golemagg the Incinerator"
"20/11/20 21:07:22","Buriol","House of Chaos","5","Golemagg the Incinerator"
"20/11/20 21:07:22","Cloudstalker","House of Chaos","5","Golemagg the Incinerator"
"20/11/20 21:07:22","Darastrixss","House of Chaos","5","Golemagg the Incinerator"
"20/11/20 21:07:22","Darkmotive","nil","5","Golemagg the Incinerator"
"20/11/20 21:07:22","Darknyss","nil","5","Golemagg the Incinerator"
"20/11/20 21:07:22","Deadgreen","House of Chaos","5","Golemagg the Incinerator"
"20/11/20 21:07:22","Dristol","nil","5","Golemagg the Incinerator"
"20/11/20 21:07:22","Drorbit","House of Chaos","5","Golemagg the Incinerator"
"20/11/20 21:07:22","Dugtreeo","House of Chaos","5","Golemagg the Incinerator"
"20/11/20 21:07:22","Ehndling","nil","5","Golemagg the Incinerator"
"20/11/20 21:07:22","Frostgem","House of Chaos","5","Golemagg the Incinerator"
"20/11/20 21:07:22","Fyreonyahead","House of Chaos","5","Golemagg the Incinerator"
"20/11/20 21:07:22","Galenne","House of Chaos","5","Golemagg the Incinerator"
"20/11/20 21:07:22","Kacarultzo","UnknownGuild","5","Golemagg the Incinerator"
"20/11/20 21:07:22","Kalon","House of Chaos","5","Golemagg the Incinerator"
"20/11/20 21:07:22","Lightavenger","nil","5","Golemagg the Incinerator"
"20/11/20 21:07:22","Lilbluepill","nil","5","Golemagg the Incinerator"
"20/11/20 21:07:22","Marthjr","nil","5","Golemagg the Incinerator"
"20/11/20 21:07:22","Mcflyy","UnknownGuild","5","Golemagg the Incinerator"
"20/11/20 21:07:22","Mereyna","Reign","5","Golemagg the Incinerator"
"20/11/20 21:07:22","Nester","nil","5","Golemagg the Incinerator"
"20/11/20 21:07:22","Nicveryberry","Well We Tried","5","Golemagg the Incinerator"
"20/11/20 21:07:22","Nimplesticks","UnknownGuild","5","Golemagg the Incinerator"
"20/11/20 21:07:22","Powerplay","nil","5","Golemagg the Incinerator"
"20/11/20 21:07:22","Rawland","House of Chaos","5","Golemagg the Incinerator"
"20/11/20 21:07:22","Rhubarbpie","House of Chaos","5","Golemagg the Incinerator"
"20/11/20 21:07:22","Roisin","nil","5","Golemagg the Incinerator"
"20/11/20 21:07:22","Sandysandra","House of Chaos","5","Golemagg the Incinerator"
"20/11/20 21:07:22","Shalody","House of Chaos","5","Golemagg the Incinerator"
"20/11/20 21:07:22","Turimbooze","nil","5","Golemagg the Incinerator"
"20/11/20 21:07:22","Twoseven","House of Chaos","5","Golemagg the Incinerator"
"20/11/20 21:07:22","Valeryie","UnknownGuild","5","Golemagg the Incinerator"
"20/11/20 21:07:22","Vannifar","UnknownGuild","5","Golemagg the Incinerator"
"20/11/20 21:07:22","Xylen","nil","5","Golemagg the Incinerator"
"20/11/20 21:07:22","Zydan","UnknownGuild","5","Golemagg the Incinerator"
"20/11/20 21:07:22","Érikétia","UnknownGuild","5","Golemagg the Incinerator"
"20/11/20 21:20:01","Adelaed","nil","5","Majordomo Executus"
"20/11/20 21:20:01","Arthillas","House of Chaos","5","Majordomo Executus"
"20/11/20 21:20:01","Azgaroth","nil","5","Majordomo Executus"
"20/11/20 21:20:01","Bufalino","nil","5","Majordomo Executus"
"20/11/20 21:20:01","Buriol","House of Chaos","5","Majordomo Executus"
"20/11/20 21:20:01","Cloudstalker","House of Chaos","5","Majordomo Executus"
"20/11/20 21:20:01","Darastrixss","House of Chaos","5","Majordomo Executus"
"20/11/20 21:20:01","Darkmotive","nil","5","Majordomo Executus"
"20/11/20 21:20:01","Darknyss","nil","5","Majordomo Executus"
"20/11/20 21:20:01","Deadgreen","House of Chaos","5","Majordomo Executus"
"20/11/20 21:20:01","Dristol","nil","5","Majordomo Executus"
"20/11/20 21:20:01","Drorbit","House of Chaos","5","Majordomo Executus"
"20/11/20 21:20:01","Dugtreeo","House of Chaos","5","Majordomo Executus"
"20/11/20 21:20:01","Ehndling","nil","5","Majordomo Executus"
"20/11/20 21:20:01","Frostgem","House of Chaos","5","Majordomo Executus"
"20/11/20 21:20:01","Fyreonyahead","House of Chaos","5","Majordomo Executus"
"20/11/20 21:20:01","Galenne","House of Chaos","5","Majordomo Executus"
"20/11/20 21:20:01","Kacarultzo","UnknownGuild","5","Majordomo Executus"
"20/11/20 21:20:01","Kalon","House of Chaos","5","Majordomo Executus"
"20/11/20 21:20:01","Lightavenger","nil","5","Majordomo Executus"
"20/11/20 21:20:01","Lilbluepill","nil","5","Majordomo Executus"
"20/11/20 21:20:01","Marthjr","nil","5","Majordomo Executus"
"20/11/20 21:20:01","Mcflyy","UnknownGuild","5","Majordomo Executus"
"20/11/20 21:20:01","Mereyna","Reign","5","Majordomo Executus"
"20/11/20 21:20:01","Nester","nil","5","Majordomo Executus"
"20/11/20 21:20:01","Nicveryberry","Well We Tried","5","Majordomo Executus"
"20/11/20 21:20:01","Nimplesticks","UnknownGuild","5","Majordomo Executus"
"20/11/20 21:20:01","Powerplay","nil","5","Majordomo Executus"
"20/11/20 21:20:01","Rawland","House of Chaos","5","Majordomo Executus"
"20/11/20 21:20:01","Rhubarbpie","House of Chaos","5","Majordomo Executus"
"20/11/20 21:20:01","Roisin","nil","5","Majordomo Executus"
"20/11/20 21:20:01","Sandysandra","House of Chaos","5","Majordomo Executus"
"20/11/20 21:20:01","Shalody","House of Chaos","5","Majordomo Executus"
"20/11/20 21:20:01","Turimbooze","nil","5","Majordomo Executus"
"20/11/20 21:20:01","Twoseven","House of Chaos","5","Majordomo Executus"
"20/11/20 21:20:01","Valeryie","UnknownGuild","5","Majordomo Executus"
"20/11/20 21:20:01","Vannifar","UnknownGuild","5","Majordomo Executus"
"20/11/20 21:20:01","Xylen","nil","5","Majordomo Executus"
"20/11/20 21:20:01","Zydan","UnknownGuild","5","Majordomo Executus"
"20/11/20 21:20:01","Érikétia","UnknownGuild","5","Majordomo Executus"
"20/11/20 21:47:40","Adelaed","nil","7","Ragnaros"
"20/11/20 21:47:40","Arthillas","House of Chaos","7","Ragnaros"
"20/11/20 21:47:40","Cloudstalker","House of Chaos","7","Ragnaros"
"20/11/20 21:47:40","Darastrixss","House of Chaos","7","Ragnaros"
"20/11/20 21:47:40","Darkmotive","nil","7","Ragnaros"
"20/11/20 21:47:40","Deadgreen","House of Chaos","7","Ragnaros"
"20/11/20 21:47:40","Drorbit","House of Chaos","7","Ragnaros"
"20/11/20 21:47:40","Dugtreeo","House of Chaos","7","Ragnaros"
"20/11/20 21:47:40","Ehndling","nil","7","Ragnaros"
"20/11/20 21:47:40","Kacarultzo","UnknownGuild","7","Ragnaros"
"20/11/20 21:47:40","Kalon","House of Chaos","7","Ragnaros"
"20/11/20 21:47:40","Lightavenger","nil","7","Ragnaros"
"20/11/20 21:47:40","Lilbluepill","nil","7","Ragnaros"
"20/11/20 21:47:40","Marthjr","nil","7","Ragnaros"
"20/11/20 21:47:40","Nicveryberry","Well We Tried","7","Ragnaros"
"20/11/20 21:47:40","Nimplesticks","UnknownGuild","7","Ragnaros"
"20/11/20 21:47:40","Rawland","House of Chaos","7","Ragnaros"
"20/11/20 21:47:40","Rhubarbpie","House of Chaos","7","Ragnaros"
"20/11/20 21:47:40","Sandysandra","House of Chaos","7","Ragnaros"
"20/11/20 21:47:40","Turimbooze","nil","7","Ragnaros"
"20/11/20 21:47:40","Valeryie","UnknownGuild","7","Ragnaros"
"20/11/20 21:47:40","Zydan","UnknownGuild","7","Ragnaros"
"20/11/20 21:47:40","Érikétia","UnknownGuild","7","Ragnaros"
"20/11/20 21:47:41","Azgaroth","nil","7","Ragnaros"
"20/11/20 21:47:41","Bufalino","nil","7","Ragnaros"
"20/11/20 21:47:41","Buriol","House of Chaos","7","Ragnaros"
"20/11/20 21:47:41","Darknyss","nil","7","Ragnaros"
"20/11/20 21:47:41","Dristol","nil","7","Ragnaros"
"20/11/20 21:47:41","Frostgem","House of Chaos","7","Ragnaros"
"20/11/20 21:47:41","Fyreonyahead","House of Chaos","7","Ragnaros"
"20/11/20 21:47:41","Galenne","House of Chaos","7","Ragnaros"
"20/11/20 21:47:41","Mcflyy","UnknownGuild","7","Ragnaros"
"20/11/20 21:47:41","Mereyna","Reign","7","Ragnaros"
"20/11/20 21:47:41","Nester","nil","7","Ragnaros"
"20/11/20 21:47:41","Powerplay","nil","7","Ragnaros"
"20/11/20 21:47:41","Roisin","nil","7","Ragnaros"
"20/11/20 21:47:41","Shalody","House of Chaos","7","Ragnaros"
"20/11/20 21:47:41","Twoseven","House of Chaos","7","Ragnaros"
"20/11/20 21:47:41","Vannifar","UnknownGuild","7","Ragnaros"
"20/11/20 21:47:41","Xylen","nil","7","Ragnaros"
"20/11/21 17:26:45","Belincito","House of Chaos","5","Onyxia kill"
"20/11/21 17:26:45","Buriol","House of Chaos","5","Onyxia kill"
"20/11/21 17:26:45","Chillidog","Stardust Crusaders","5","Onyxia kill"
"20/11/21 17:26:45","Cloudstalker","House of Chaos","5","Onyxia kill"
"20/11/21 17:26:45","Darastrixss","House of Chaos","5","Onyxia kill"
"20/11/21 17:26:45","Darkmotive","nil","5","Onyxia kill"
"20/11/21 17:26:45","Darknyss","nil","5","Onyxia kill"
"20/11/21 17:26:45","Dilorian","UnknownGuild","5","Onyxia kill"
"20/11/21 17:26:45","Dristol","nil","5","Onyxia kill"
"20/11/21 17:26:45","Drorbit","House of Chaos","5","Onyxia kill"
"20/11/21 17:26:45","Frostgem","House of Chaos","5","Onyxia kill"
"20/11/21 17:26:45","Galenne","House of Chaos","5","Onyxia kill"
"20/11/21 17:26:45","Grumpypantz","nil","5","Onyxia kill"
"20/11/21 17:26:45","Hammerhed","nil","5","Onyxia kill"
"20/11/21 17:26:45","Kalon","House of Chaos","5","Onyxia kill"
"20/11/21 17:26:45","Lilbluepill","nil","5","Onyxia kill"
"20/11/21 17:26:45","Nicveryberry","Well We Tried","5","Onyxia kill"
"20/11/21 17:26:45","Papasam","House of Chaos","5","Onyxia kill"
"20/11/21 17:26:45","Rayvenn","House of Chaos","5","Onyxia kill"
"20/11/21 17:26:45","Rhubarbpie","House of Chaos","5","Onyxia kill"
"20/11/21 17:26:45","Roisin","nil","5","Onyxia kill"
"20/11/21 17:26:45","Scorpob","House of Chaos","5","Onyxia kill"
"20/11/21 17:26:45","Shalody","House of Chaos","5","Onyxia kill"
"20/11/21 17:26:45","Silenthaven","nil","5","Onyxia kill"
"20/11/21 17:26:45","Valeryie","UnknownGuild","5","Onyxia kill"
"20/11/21 17:26:45","Vannifar","UnknownGuild","5","Onyxia kill"
"20/11/21 17:26:45","Whiline","nil","5","Onyxia kill"
"20/11/21 17:26:45","Zydan","UnknownGuild","5","Onyxia kill"
"20/11/21 17:26:45","Érikétia","UnknownGuild","5","Onyxia kill"
